rank,pulled_at_utc,country_en,title_original,title_english,link,published
1,2025-10-17T04:41:42.288628+00:00,Lebanon,بنعفول,Benafoul,https://trends.google.com/trending/rss?geo=LB,"Thu, 16 Oct 2025 06:50:00 -0700"
1,2025-10-17T04:41:42.288628+00:00,Israel,שעון חורף,winter time,https://trends.google.com/trending/rss?geo=IL,"Thu, 16 Oct 2025 20:10:00 -0700"
1,2025-10-17T04:41:42.288628+00:00,Israel,facebook,facebook,https://trends.google.com/trending/rss?geo=IL,"Thu, 16 Oct 2025 20:00:00 -0700"
1,2025-10-17T04:41:42.288628+00:00,Israel,עמודי עולם,world pillars,https://trends.google.com/trending/rss?geo=IL,"Thu, 16 Oct 2025 14:20:00 -0700"
1,2025-10-17T04:41:42.288628+00:00,Israel,culpa nuestra,our fault,https://trends.google.com/trending/rss?geo=IL,"Thu, 16 Oct 2025 13:00:00 -0700"
1,2025-10-17T04:41:42.288628+00:00,Israel,מדגסקר,Madagascar,https://trends.google.com/trending/rss?geo=IL,"Thu, 16 Oct 2025 12:20:00 -0700"
1,2025-10-17T04:41:42.288628+00:00,Israel,מכבי ת״א נגד אולימפיאקוס,Maccabi Tel Aviv against Olympiakos,https://trends.google.com/trending/rss?geo=IL,"Thu, 16 Oct 2025 11:50:00 -0700"
1,2025-10-17T04:41:42.288628+00:00,Israel,mtv,mtv,https://trends.google.com/trending/rss?geo=IL,"Thu, 16 Oct 2025 11:10:00 -0700"
1,2025-10-17T04:41:42.288628+00:00,Israel,שלומי זיו,Shlomi Ziv,https://trends.google.com/trending/rss?geo=IL,"Thu, 16 Oct 2025 11:00:00 -0700"
1,2025-10-17T04:41:42.288628+00:00,Israel,הרב דורון פרץ,Rabbi Doron Peretz,https://trends.google.com/trending/rss?geo=IL,"Thu, 16 Oct 2025 10:40:00 -0700"
1,2025-10-17T04:41:42.288628+00:00,Israel,מיכאל וולדמן,Michael Waldman,https://trends.google.com/trending/rss?geo=IL,"Thu, 16 Oct 2025 10:10:00 -0700"
1,2025-10-17T04:41:42.288628+00:00,Gaza,facebook,facebook,https://trends.google.com/trending/rss?geo=PS,"Wed, 15 Oct 2025 22:50:00 -0700"
1,2025-10-17T04:41:42.288628+00:00,Syria,باريس سان جيرمان للسيدات ضد ريال مدريد للسيدات,Paris Saint-Germain for women vs. Real Madrid for women,https://trends.google.com/trending/rss?geo=SY,"Thu, 16 Oct 2025 11:20:00 -0700"
1,2025-10-17T04:41:42.288628+00:00,Syria,bangladesh women vs australia women,bangladesh women vs australia women,https://trends.google.com/trending/rss?geo=SY,"Thu, 16 Oct 2025 10:20:00 -0700"
1,2025-10-17T04:41:42.288628+00:00,Syria,سعر الذهب اليوم,Gold price today,https://trends.google.com/trending/rss?geo=SY,"Thu, 16 Oct 2025 10:00:00 -0700"
1,2025-10-17T04:41:42.288628+00:00,Syria,نمير الأسد,Nimir al-Assad,https://trends.google.com/trending/rss?geo=SY,"Thu, 16 Oct 2025 04:10:00 -0700"
1,2025-10-17T04:41:42.288628+00:00,Syria,nepal vs oman,nepal vs oman,https://trends.google.com/trending/rss?geo=SY,"Wed, 15 Oct 2025 23:30:00 -0700"
1,2025-10-17T04:41:42.288628+00:00,Jordan,اسعار الذهب,Gold prices,https://trends.google.com/trending/rss?geo=JO,"Thu, 16 Oct 2025 10:00:00 -0700"
1,2025-10-17T04:41:42.288628+00:00,Jordan,محمد عبدالكريم الغماري,Muhammad Abdul Karim Al-Ghamari,https://trends.google.com/trending/rss?geo=JO,"Thu, 16 Oct 2025 09:40:00 -0700"
1,2025-10-17T04:41:42.288628+00:00,Jordan,يحيى السنوار,Yahya Al-Sanwar,https://trends.google.com/trending/rss?geo=JO,"Thu, 16 Oct 2025 03:40:00 -0700"
1,2025-10-17T04:41:42.288628+00:00,Jordan,آيات أباظة,Abaza verses,https://trends.google.com/trending/rss?geo=JO,"Thu, 16 Oct 2025 00:00:00 -0700"
1,2025-10-17T04:41:42.288628+00:00,Egypt,ذهب,gold,https://trends.google.com/trending/rss?geo=EG,"Thu, 16 Oct 2025 21:10:00 -0700"
1,2025-10-17T04:41:42.288628+00:00,Egypt,صلاة الجمعة,Friday prayer,https://trends.google.com/trending/rss?geo=EG,"Thu, 16 Oct 2025 20:30:00 -0700"
1,2025-10-17T04:41:42.288628+00:00,Egypt,زينب نصر فياض,Zainab Nasr Fayyad,https://trends.google.com/trending/rss?geo=EG,"Thu, 16 Oct 2025 19:10:00 -0700"
1,2025-10-17T04:41:42.288628+00:00,Egypt,هيئة الدواء المصرية,Egyptian Medicine Authority,https://trends.google.com/trending/rss?geo=EG,"Thu, 16 Oct 2025 16:50:00 -0700"
1,2025-10-17T04:41:42.288628+00:00,Egypt,مشاهده مسلسل ابن النادي,Watch the series Son of the Club,https://trends.google.com/trending/rss?geo=EG,"Thu, 16 Oct 2025 16:50:00 -0700"
1,2025-10-17T04:41:42.288628+00:00,Egypt,ياسمين على,Yasmine Ali,https://trends.google.com/trending/rss?geo=EG,"Thu, 16 Oct 2025 16:10:00 -0700"
1,2025-10-17T04:41:42.288628+00:00,Egypt,the score,the score,https://trends.google.com/trending/rss?geo=EG,"Thu, 16 Oct 2025 15:40:00 -0700"
1,2025-10-17T04:41:42.288628+00:00,Egypt,موعد صرف مرتبات شهر اكتوبر 2025,The date for disbursing salaries is October 2025,https://trends.google.com/trending/rss?geo=EG,"Thu, 16 Oct 2025 15:30:00 -0700"
1,2025-10-17T04:41:42.288628+00:00,Egypt,محمد نجيب,Muhammad Naguib,https://trends.google.com/trending/rss?geo=EG,"Thu, 16 Oct 2025 14:00:00 -0700"
1,2025-10-17T04:41:42.288628+00:00,Egypt,هشام جمال,Hisham Gamal,https://trends.google.com/trending/rss?geo=EG,"Thu, 16 Oct 2025 14:00:00 -0700"
1,2025-10-17T04:41:42.288628+00:00,Iran,ثبت نام وام یارانه ۴۰۰ میلیونی بدون ضامن,400 million subsidized loan registration without guarantor,https://trends.google.com/trending/rss?geo=IR,"Thu, 16 Oct 2025 21:20:00 -0700"
1,2025-10-17T04:41:42.288628+00:00,Iran,فال قهوه,Coffee horoscope,https://trends.google.com/trending/rss?geo=IR,"Thu, 16 Oct 2025 16:00:00 -0700"
1,2025-10-17T04:41:42.288628+00:00,Iran,واریز یارانه مهرماه,October subsidy deposit,https://trends.google.com/trending/rss?geo=IR,"Thu, 16 Oct 2025 15:00:00 -0700"
1,2025-10-17T04:41:42.288628+00:00,Iran,سلاح پلاسمایی ایران,Iran's plasma weapon,https://trends.google.com/trending/rss?geo=IR,"Thu, 16 Oct 2025 14:30:00 -0700"
1,2025-10-17T04:41:42.288628+00:00,Iran,موشک تاماهاوک,Tomahawk missile,https://trends.google.com/trending/rss?geo=IR,"Thu, 16 Oct 2025 14:00:00 -0700"
1,2025-10-17T04:41:42.288628+00:00,Iran,ساره جوانمردی,Sara Javanmardi,https://trends.google.com/trending/rss?geo=IR,"Thu, 16 Oct 2025 13:40:00 -0700"
1,2025-10-17T04:41:42.288628+00:00,Iran,واقعه,event,https://trends.google.com/trending/rss?geo=IR,"Thu, 16 Oct 2025 13:40:00 -0700"
1,2025-10-17T04:41:42.288628+00:00,Iran,سریال مرد سه هزار چهره,The Man of Three Thousand Faces series,https://trends.google.com/trending/rss?geo=IR,"Thu, 16 Oct 2025 13:20:00 -0700"
1,2025-10-17T04:41:42.288628+00:00,Iran,پارسا پیروز فر,Parsa Pirouz Fr,https://trends.google.com/trending/rss?geo=IR,"Thu, 16 Oct 2025 13:10:00 -0700"
1,2025-10-17T04:41:42.288628+00:00,Iran,ترانه علیدوستی,Alidosti song,https://trends.google.com/trending/rss?geo=IR,"Thu, 16 Oct 2025 13:00:00 -0700"
1,2025-10-17T04:41:42.288628+00:00,Yemen,باريس سان جيرمان للسيدات ضد ريال مدريد للسيدات,Paris Saint-Germain for women vs. Real Madrid for women,https://trends.google.com/trending/rss?geo=YE,"Thu, 16 Oct 2025 11:20:00 -0700"
1,2025-10-17T04:41:42.288628+00:00,Yemen,أتلتيكو مدريد للسيدات ضد مانشستر يونايتد للسيدات,Atletico Madrid Women vs Manchester United Women,https://trends.google.com/trending/rss?geo=YE,"Thu, 16 Oct 2025 10:50:00 -0700"
1,2025-10-17T04:41:42.288628+00:00,Yemen,محمد عبدالكريم الغماري,Muhammad Abdul Karim Al-Ghamari,https://trends.google.com/trending/rss?geo=YE,"Thu, 16 Oct 2025 06:00:00 -0700"
1,2025-10-17T04:41:42.288628+00:00,Saudi Arabia,هونر ماجيك 8 برو,Honor Magic 8 Pro,https://trends.google.com/trending/rss?geo=SA,"Thu, 16 Oct 2025 20:30:00 -0700"
1,2025-10-17T04:41:42.288628+00:00,Saudi Arabia,ابطال مسلسل المرسى,The heroes of the Marsa series,https://trends.google.com/trending/rss?geo=SA,"Thu, 16 Oct 2025 20:20:00 -0700"
1,2025-10-17T04:41:42.288628+00:00,Saudi Arabia,الهوية الرقمية البنك المركزي المصري,Digital ID Central Bank of Egypt,https://trends.google.com/trending/rss?geo=SA,"Thu, 16 Oct 2025 18:40:00 -0700"
1,2025-10-17T04:41:42.288628+00:00,Saudi Arabia,fluminense vs juventude,fluminense vs youth,https://trends.google.com/trending/rss?geo=SA,"Thu, 16 Oct 2025 18:10:00 -0700"
1,2025-10-17T04:41:42.288628+00:00,Saudi Arabia,مسلسل الخليفة,Caliph series,https://trends.google.com/trending/rss?geo=SA,"Thu, 16 Oct 2025 16:40:00 -0700"
1,2025-10-17T04:41:42.288628+00:00,Saudi Arabia,الذهب,gold,https://trends.google.com/trending/rss?geo=SA,"Thu, 16 Oct 2025 16:10:00 -0700"
1,2025-10-17T04:41:42.288628+00:00,Saudi Arabia,سعر جرام الذهب عيار 21 سعر الذهب اليوم,"The price of a gram of 21 karat gold, the price of gold today",https://trends.google.com/trending/rss?geo=SA,"Thu, 16 Oct 2025 15:40:00 -0700"
1,2025-10-17T04:41:42.288628+00:00,Saudi Arabia,بونو,Bono,https://trends.google.com/trending/rss?geo=SA,"Thu, 16 Oct 2025 14:00:00 -0700"
1,2025-10-17T04:41:42.288628+00:00,Saudi Arabia,سعر جرام الذهب في السعودية,The price of a gram of gold in Saudi Arabia,https://trends.google.com/trending/rss?geo=SA,"Thu, 16 Oct 2025 13:50:00 -0700"
1,2025-10-17T04:41:42.288628+00:00,Saudi Arabia,كاس العرب,Arab Cup,https://trends.google.com/trending/rss?geo=SA,"Thu, 16 Oct 2025 13:50:00 -0700"
1,2025-10-17T04:41:42.288628+00:00,Iraq,باريس سان جيرمان للسيدات ضد ريال مدريد للسيدات,Paris Saint-Germain for women vs. Real Madrid for women,https://trends.google.com/trending/rss?geo=IQ,"Thu, 16 Oct 2025 11:10:00 -0700"
1,2025-10-17T04:41:42.288628+00:00,Iraq,محمد عبدالكريم الغماري,Muhammad Abdul Karim Al-Ghamari,https://trends.google.com/trending/rss?geo=IQ,"Thu, 16 Oct 2025 10:50:00 -0700"
1,2025-10-17T04:41:42.288628+00:00,Iraq,أتلتيكو مدريد للسيدات ضد مانشستر يونايتد للسيدات,Atletico Madrid Women vs Manchester United Women,https://trends.google.com/trending/rss?geo=IQ,"Thu, 16 Oct 2025 09:20:00 -0700"
1,2025-10-17T04:41:42.288628+00:00,Iraq,bangladesh women vs australia women,bangladesh women vs australia women,https://trends.google.com/trending/rss?geo=IQ,"Thu, 16 Oct 2025 04:30:00 -0700"
1,2025-10-17T04:41:42.288628+00:00,Iraq,منتخب البرتغال لكرة القدم,Portugal national football team,https://trends.google.com/trending/rss?geo=IQ,"Thu, 16 Oct 2025 01:40:00 -0700"
1,2025-10-17T04:41:42.288628+00:00,Iraq,الفنانة عزة سعيد,Artist Azza Saeed,https://trends.google.com/trending/rss?geo=IQ,"Thu, 16 Oct 2025 01:20:00 -0700"
1,2025-10-17T04:41:42.288628+00:00,Iraq,facebook,facebook,https://trends.google.com/trending/rss?geo=IQ,"Wed, 15 Oct 2025 23:40:00 -0700"
1,2025-10-17T04:41:42.288628+00:00,United Arab Emirates,gold rate in dubai,gold rate in dubai,https://trends.google.com/trending/rss?geo=AE,"Thu, 16 Oct 2025 21:10:00 -0700"
1,2025-10-17T04:41:42.288628+00:00,United Arab Emirates,crypto exchange binance,crypto exchange binance,https://trends.google.com/trending/rss?geo=AE,"Thu, 16 Oct 2025 20:50:00 -0700"
1,2025-10-17T04:41:42.288628+00:00,United Arab Emirates,uae golden visa consular services,uae golden visa consular services,https://trends.google.com/trending/rss?geo=AE,"Thu, 16 Oct 2025 17:10:00 -0700"
1,2025-10-17T04:41:42.288628+00:00,United Arab Emirates,samsung galaxy s26 ultra,samsung galaxy s26 ultra,https://trends.google.com/trending/rss?geo=AE,"Thu, 16 Oct 2025 15:50:00 -0700"
1,2025-10-17T04:41:42.288628+00:00,United Arab Emirates,تيك توك,Tik Tok,https://trends.google.com/trending/rss?geo=AE,"Thu, 16 Oct 2025 14:40:00 -0700"
1,2025-10-17T04:41:42.288628+00:00,United Arab Emirates,سعر الذهب اليوم في مصر,Today's gold price in Egypt,https://trends.google.com/trending/rss?geo=AE,"Thu, 16 Oct 2025 14:10:00 -0700"
1,2025-10-17T04:41:42.288628+00:00,United Arab Emirates,سعر الذهب في الامارات,Gold price in the Emirates,https://trends.google.com/trending/rss?geo=AE,"Thu, 16 Oct 2025 13:30:00 -0700"
1,2025-10-17T04:41:42.288628+00:00,United Arab Emirates,paris vs real madrid,paris vs real madrid,https://trends.google.com/trending/rss?geo=AE,"Thu, 16 Oct 2025 12:00:00 -0700"
1,2025-10-17T04:41:42.288628+00:00,United Arab Emirates,passport ranking,passport ranking,https://trends.google.com/trending/rss?geo=AE,"Thu, 16 Oct 2025 11:40:00 -0700"
1,2025-10-17T04:41:42.288628+00:00,United Arab Emirates,durham vs liverpool,durham vs liverpool,https://trends.google.com/trending/rss?geo=AE,"Thu, 16 Oct 2025 11:30:00 -0700"
1,2025-10-17T04:41:42.288628+00:00,Qatar,japan vs uae,japan vs uae,https://trends.google.com/trending/rss?geo=QA,"Thu, 16 Oct 2025 03:00:00 -0700"
1,2025-10-17T04:41:42.288628+00:00,Qatar,bangladesh women vs australia women,bangladesh women vs australia women,https://trends.google.com/trending/rss?geo=QA,"Thu, 16 Oct 2025 02:10:00 -0700"
2,2025-10-16T17:10:25.952791+00:00,Lebanon,بنعفول,Benafoul,https://trends.google.com/trending/rss?geo=LB,"Thu, 16 Oct 2025 06:50:00 -0700"
2,2025-10-16T17:10:25.952791+00:00,Israel,ניב גלבוע,Gilboa dialect,https://trends.google.com/trending/rss?geo=IL,"Thu, 16 Oct 2025 02:30:00 -0700"
2,2025-10-16T17:10:25.952791+00:00,Israel,פרופ חגי לוין,Prof. Hagi Levin,https://trends.google.com/trending/rss?geo=IL,"Thu, 16 Oct 2025 02:10:00 -0700"
2,2025-10-16T17:10:25.952791+00:00,Israel,ตรวจหวย,Check lottery numbers,https://trends.google.com/trending/rss?geo=IL,"Thu, 16 Oct 2025 02:00:00 -0700"
2,2025-10-16T17:10:25.952791+00:00,Israel,נונו מימי כפר סבא,Nuno from the days of Kfar Saba,https://trends.google.com/trending/rss?geo=IL,"Thu, 16 Oct 2025 02:00:00 -0700"
2,2025-10-16T17:10:25.952791+00:00,Israel,סרגיי מתתוב,Sergey Methotub,https://trends.google.com/trending/rss?geo=IL,"Thu, 16 Oct 2025 00:00:00 -0700"
2,2025-10-16T17:10:25.952791+00:00,Israel,rabbi moshe hauer,rabbi moshe hauer,https://trends.google.com/trending/rss?geo=IL,"Wed, 15 Oct 2025 22:20:00 -0700"
2,2025-10-16T17:10:25.952791+00:00,Israel,רון ארד,Ron Arad,https://trends.google.com/trending/rss?geo=IL,"Wed, 15 Oct 2025 21:30:00 -0700"
2,2025-10-16T17:10:25.952791+00:00,Israel,ענבר היימן,Inbar Heyman,https://trends.google.com/trending/rss?geo=IL,"Wed, 15 Oct 2025 21:20:00 -0700"
2,2025-10-16T17:10:25.952791+00:00,Israel,יום הזיכרון ל 7 באוקטובר,October 7 Memorial Day,https://trends.google.com/trending/rss?geo=IL,"Wed, 15 Oct 2025 21:20:00 -0700"
2,2025-10-16T17:10:25.952791+00:00,Israel,תחזית,forecast,https://trends.google.com/trending/rss?geo=IL,"Wed, 15 Oct 2025 21:00:00 -0700"
2,2025-10-16T17:10:25.952791+00:00,Gaza,facebook,facebook,https://trends.google.com/trending/rss?geo=PS,"Wed, 15 Oct 2025 22:50:00 -0700"
2,2025-10-16T17:10:25.952791+00:00,Gaza,يوتيوب,YouTube,https://trends.google.com/trending/rss?geo=PS,"Wed, 15 Oct 2025 16:40:00 -0700"
2,2025-10-16T17:10:25.952791+00:00,Syria,نمير الأسد,Nimir al-Assad,https://trends.google.com/trending/rss?geo=SY,"Thu, 16 Oct 2025 04:10:00 -0700"
2,2025-10-16T17:10:25.952791+00:00,Syria,nepal vs oman,nepal vs oman,https://trends.google.com/trending/rss?geo=SY,"Wed, 15 Oct 2025 23:30:00 -0700"
2,2025-10-16T17:10:25.952791+00:00,Syria,يوتيوب,YouTube,https://trends.google.com/trending/rss?geo=SY,"Wed, 15 Oct 2025 16:30:00 -0700"
2,2025-10-16T17:10:25.952791+00:00,Syria,england women vs pakistan women,england women vs pakistan women,https://trends.google.com/trending/rss?geo=SY,"Wed, 15 Oct 2025 12:10:00 -0700"
2,2025-10-16T17:10:25.952791+00:00,Syria,نادي روما للسيدات ضد نادي برشلونة للسيدات,Roma Women's Club vs. Barcelona Women's Club,https://trends.google.com/trending/rss?geo=SY,"Wed, 15 Oct 2025 11:50:00 -0700"
2,2025-10-16T17:10:25.952791+00:00,Jordan,يحيى السنوار,Yahya Al-Sanwar,https://trends.google.com/trending/rss?geo=JO,"Thu, 16 Oct 2025 03:40:00 -0700"
2,2025-10-16T17:10:25.952791+00:00,Jordan,آيات أباظة,Abaza verses,https://trends.google.com/trending/rss?geo=JO,"Thu, 16 Oct 2025 00:00:00 -0700"
2,2025-10-16T17:10:25.952791+00:00,Jordan,يوتيوب,YouTube,https://trends.google.com/trending/rss?geo=JO,"Wed, 15 Oct 2025 16:20:00 -0700"
2,2025-10-16T17:10:25.952791+00:00,Egypt,كاثرين أميرة ويلز,"Catherine, Princess of Wales",https://trends.google.com/trending/rss?geo=EG,"Thu, 16 Oct 2025 10:00:00 -0700"
2,2025-10-16T17:10:25.952791+00:00,Egypt,يسرا,Yusra,https://trends.google.com/trending/rss?geo=EG,"Thu, 16 Oct 2025 09:40:00 -0700"
2,2025-10-16T17:10:25.952791+00:00,Egypt,أيتن عامر,Ayten Amer,https://trends.google.com/trending/rss?geo=EG,"Thu, 16 Oct 2025 09:40:00 -0700"
2,2025-10-16T17:10:25.952791+00:00,Egypt,موعد اذان العشاء,Isha azan time,https://trends.google.com/trending/rss?geo=EG,"Thu, 16 Oct 2025 09:30:00 -0700"
2,2025-10-16T17:10:25.952791+00:00,Egypt,طفل الاسماعيليه,Ismailia child,https://trends.google.com/trending/rss?geo=EG,"Thu, 16 Oct 2025 09:30:00 -0700"
2,2025-10-16T17:10:25.952791+00:00,Egypt,اللواء حازم مشعل,Major General Hazem Mishal,https://trends.google.com/trending/rss?geo=EG,"Thu, 16 Oct 2025 09:20:00 -0700"
2,2025-10-16T17:10:25.952791+00:00,Egypt,شهادات بنك مصر 2025,Banque Misr certificates 2025,https://trends.google.com/trending/rss?geo=EG,"Thu, 16 Oct 2025 07:20:00 -0700"
2,2025-10-16T17:10:25.952791+00:00,Egypt,سعر الدولار اليوم البنك الأهلي,"Today's dollar price, National Bank",https://trends.google.com/trending/rss?geo=EG,"Thu, 16 Oct 2025 07:20:00 -0700"
2,2025-10-16T17:10:25.952791+00:00,Egypt,argentina vs colombia u20,argentina vs colombia u20,https://trends.google.com/trending/rss?geo=EG,"Thu, 16 Oct 2025 06:50:00 -0700"
2,2025-10-16T17:10:25.952791+00:00,Egypt,يحيى السنوار,Yahya Al-Sanwar,https://trends.google.com/trending/rss?geo=EG,"Thu, 16 Oct 2025 06:10:00 -0700"
2,2025-10-16T17:10:25.952791+00:00,Iran,الهام چرخنده,Spinning inspiration,https://trends.google.com/trending/rss?geo=IR,"Thu, 16 Oct 2025 09:50:00 -0700"
2,2025-10-16T17:10:25.952791+00:00,Iran,لیسانسه ها,bachelors,https://trends.google.com/trending/rss?geo=IR,"Thu, 16 Oct 2025 09:30:00 -0700"
2,2025-10-16T17:10:25.952791+00:00,Iran,هوتن شکیبا,Hooten is patient,https://trends.google.com/trending/rss?geo=IR,"Thu, 16 Oct 2025 09:30:00 -0700"
2,2025-10-16T17:10:25.952791+00:00,Iran,رباط کریم,ligament,https://trends.google.com/trending/rss?geo=IR,"Thu, 16 Oct 2025 09:20:00 -0700"
2,2025-10-16T17:10:25.952791+00:00,Iran,کرم رضا پیریایی,Karam Reza Piriai,https://trends.google.com/trending/rss?geo=IR,"Thu, 16 Oct 2025 09:00:00 -0700"
2,2025-10-16T17:10:25.952791+00:00,Iran,لیگ برتر ایران,Iran Premier League,https://trends.google.com/trending/rss?geo=IR,"Thu, 16 Oct 2025 08:50:00 -0700"
2,2025-10-16T17:10:25.952791+00:00,Iran,لهستان,Poland,https://trends.google.com/trending/rss?geo=IR,"Thu, 16 Oct 2025 08:40:00 -0700"
2,2025-10-16T17:10:25.952791+00:00,Iran,مشهد,Mashhad,https://trends.google.com/trending/rss?geo=IR,"Thu, 16 Oct 2025 08:00:00 -0700"
2,2025-10-16T17:10:25.952791+00:00,Iran,حاج حسین مهدیان,Haj Hossein Mahdian,https://trends.google.com/trending/rss?geo=IR,"Thu, 16 Oct 2025 07:40:00 -0700"
2,2025-10-16T17:10:25.952791+00:00,Iran,کسرا طاهری,Kasra Taheri,https://trends.google.com/trending/rss?geo=IR,"Thu, 16 Oct 2025 07:40:00 -0700"
2,2025-10-16T17:10:25.952791+00:00,Yemen,محمد عبدالكريم الغماري,Muhammad Abdul Karim Al-Ghamari,https://trends.google.com/trending/rss?geo=YE,"Thu, 16 Oct 2025 06:00:00 -0700"
2,2025-10-16T17:10:25.952791+00:00,Yemen,يوتيوب,YouTube,https://trends.google.com/trending/rss?geo=YE,"Wed, 15 Oct 2025 16:40:00 -0700"
2,2025-10-16T17:10:25.952791+00:00,Yemen,كاس العالم للشباب,Youth World Cup,https://trends.google.com/trending/rss?geo=YE,"Wed, 15 Oct 2025 15:10:00 -0700"
2,2025-10-16T17:10:25.952791+00:00,Yemen,نادي روما للسيدات ضد نادي برشلونة للسيدات,Roma Women's Club vs. Barcelona Women's Club,https://trends.google.com/trending/rss?geo=YE,"Wed, 15 Oct 2025 11:20:00 -0700"
2,2025-10-16T17:10:25.952791+00:00,Saudi Arabia,الاهلي السعودي,Al-Ahly Saudi,https://trends.google.com/trending/rss?geo=SA,"Thu, 16 Oct 2025 08:40:00 -0700"
2,2025-10-16T17:10:25.952791+00:00,Saudi Arabia,مسلسل المرسى السعودي,Saudi Marsa series,https://trends.google.com/trending/rss?geo=SA,"Thu, 16 Oct 2025 08:40:00 -0700"
2,2025-10-16T17:10:25.952791+00:00,Saudi Arabia,سعر الذهب,Gold price,https://trends.google.com/trending/rss?geo=SA,"Thu, 16 Oct 2025 08:40:00 -0700"
2,2025-10-16T17:10:25.952791+00:00,Saudi Arabia,محمد عبدالكريم الغماري,Muhammad Abdul Karim Al-Ghamari,https://trends.google.com/trending/rss?geo=SA,"Thu, 16 Oct 2025 07:30:00 -0700"
2,2025-10-16T17:10:25.952791+00:00,Saudi Arabia,tomonobu itagaki,tomonobu itagaki,https://trends.google.com/trending/rss?geo=SA,"Thu, 16 Oct 2025 07:30:00 -0700"
2,2025-10-16T17:10:25.952791+00:00,Saudi Arabia,سهم,share,https://trends.google.com/trending/rss?geo=SA,"Thu, 16 Oct 2025 07:20:00 -0700"
2,2025-10-16T17:10:25.952791+00:00,Saudi Arabia,youtube outage,youtube outage,https://trends.google.com/trending/rss?geo=SA,"Thu, 16 Oct 2025 06:30:00 -0700"
2,2025-10-16T17:10:25.952791+00:00,Saudi Arabia,candice swanepoel,candice swanepoel,https://trends.google.com/trending/rss?geo=SA,"Thu, 16 Oct 2025 05:40:00 -0700"
2,2025-10-16T17:10:25.952791+00:00,Saudi Arabia,وزارة البيئة والمياه والزراعة,"Ministry of Environment, Water and Agriculture",https://trends.google.com/trending/rss?geo=SA,"Thu, 16 Oct 2025 05:30:00 -0700"
2,2025-10-16T17:10:25.952791+00:00,Saudi Arabia,shorna akter,shorna akter,https://trends.google.com/trending/rss?geo=SA,"Thu, 16 Oct 2025 04:50:00 -0700"
2,2025-10-16T17:10:25.952791+00:00,Iraq,اذان المغرب,Maghrib call to prayer,https://trends.google.com/trending/rss?geo=IQ,"Thu, 16 Oct 2025 07:50:00 -0700"
2,2025-10-16T17:10:25.952791+00:00,Iraq,bangladesh women vs australia women,bangladesh women vs australia women,https://trends.google.com/trending/rss?geo=IQ,"Thu, 16 Oct 2025 04:30:00 -0700"
2,2025-10-16T17:10:25.952791+00:00,Iraq,منتخب البرتغال لكرة القدم,Portugal national football team,https://trends.google.com/trending/rss?geo=IQ,"Thu, 16 Oct 2025 01:40:00 -0700"
2,2025-10-16T17:10:25.952791+00:00,Iraq,الفنانة عزة سعيد,Artist Azza Saeed,https://trends.google.com/trending/rss?geo=IQ,"Thu, 16 Oct 2025 01:20:00 -0700"
2,2025-10-16T17:10:25.952791+00:00,Iraq,facebook,facebook,https://trends.google.com/trending/rss?geo=IQ,"Wed, 15 Oct 2025 23:40:00 -0700"
2,2025-10-16T17:10:25.952791+00:00,Iraq,قران,The Qur'an,https://trends.google.com/trending/rss?geo=IQ,"Wed, 15 Oct 2025 16:50:00 -0700"
2,2025-10-16T17:10:25.952791+00:00,Iraq,يوتيوب,YouTube,https://trends.google.com/trending/rss?geo=IQ,"Wed, 15 Oct 2025 16:30:00 -0700"
2,2025-10-16T17:10:25.952791+00:00,Iraq,اغاني,songs,https://trends.google.com/trending/rss?geo=IQ,"Wed, 15 Oct 2025 16:30:00 -0700"
2,2025-10-16T17:10:25.952791+00:00,Iraq,كاس العالم للشباب,Youth World Cup,https://trends.google.com/trending/rss?geo=IQ,"Wed, 15 Oct 2025 15:50:00 -0700"
2,2025-10-16T17:10:25.952791+00:00,Iraq,victoria secret fashion show 2025,victoria secret fashion show 2025,https://trends.google.com/trending/rss?geo=IQ,"Wed, 15 Oct 2025 15:10:00 -0700"
2,2025-10-16T17:10:25.952791+00:00,United Arab Emirates,atl. madrid vs man utd,atl. madrid vs man utd,https://trends.google.com/trending/rss?geo=AE,"Thu, 16 Oct 2025 09:30:00 -0700"
2,2025-10-16T17:10:25.952791+00:00,United Arab Emirates,dubai gold price,dubai gold price,https://trends.google.com/trending/rss?geo=AE,"Thu, 16 Oct 2025 08:50:00 -0700"
2,2025-10-16T17:10:25.952791+00:00,United Arab Emirates,اذان المغرب,Maghrib call to prayer,https://trends.google.com/trending/rss?geo=AE,"Thu, 16 Oct 2025 06:50:00 -0700"
2,2025-10-16T17:10:25.952791+00:00,United Arab Emirates,آيات أباظة,Abaza verses,https://trends.google.com/trending/rss?geo=AE,"Thu, 16 Oct 2025 04:00:00 -0700"
2,2025-10-16T17:10:25.952791+00:00,United Arab Emirates,archana kavi,archana kavi,https://trends.google.com/trending/rss?geo=AE,"Thu, 16 Oct 2025 03:50:00 -0700"
2,2025-10-16T17:10:25.952791+00:00,United Arab Emirates,sharmin akhter,Sharmeen Akhter,https://trends.google.com/trending/rss?geo=AE,"Thu, 16 Oct 2025 03:40:00 -0700"
2,2025-10-16T17:10:25.952791+00:00,United Arab Emirates,japan vs uae,japan vs uae,https://trends.google.com/trending/rss?geo=AE,"Thu, 16 Oct 2025 02:50:00 -0700"
2,2025-10-16T17:10:25.952791+00:00,United Arab Emirates,bangladesh women vs australia women,bangladesh women vs australia women,https://trends.google.com/trending/rss?geo=AE,"Thu, 16 Oct 2025 02:00:00 -0700"
2,2025-10-16T17:10:25.952791+00:00,United Arab Emirates,bangladesh women's national cricket team vs australia women's national cricket team match scorecard,bangladesh women's national cricket team vs australia women's national cricket team match scorecard,https://trends.google.com/trending/rss?geo=AE,"Thu, 16 Oct 2025 02:00:00 -0700"
2,2025-10-16T17:10:25.952791+00:00,United Arab Emirates,pitbull dubai,pitbull dubai,https://trends.google.com/trending/rss?geo=AE,"Thu, 16 Oct 2025 00:10:00 -0700"
2,2025-10-16T17:10:25.952791+00:00,Qatar,japan vs uae,japan vs uae,https://trends.google.com/trending/rss?geo=QA,"Thu, 16 Oct 2025 03:00:00 -0700"
2,2025-10-16T17:10:25.952791+00:00,Qatar,bangladesh women vs australia women,bangladesh women vs australia women,https://trends.google.com/trending/rss?geo=QA,"Thu, 16 Oct 2025 02:10:00 -0700"
2,2025-10-16T17:10:25.952791+00:00,Qatar,bangladesh women's national cricket team vs australia women's national cricket team match scorecard,bangladesh women's national cricket team vs australia women's national cricket team match scorecard,https://trends.google.com/trending/rss?geo=QA,"Thu, 16 Oct 2025 02:10:00 -0700"
2,2025-10-16T17:10:25.952791+00:00,Qatar,santos vs corinthians,santos vs corinthians,https://trends.google.com/trending/rss?geo=QA,"Wed, 15 Oct 2025 19:40:00 -0700"
2,2025-10-16T17:10:25.952791+00:00,Qatar,يوتيوب,YouTube,https://trends.google.com/trending/rss?geo=QA,"Wed, 15 Oct 2025 16:40:00 -0700"
2,2025-10-16T17:10:25.952791+00:00,Qatar,victoria secret fashion show 2025,victoria secret fashion show 2025,https://trends.google.com/trending/rss?geo=QA,"Wed, 15 Oct 2025 16:20:00 -0700"
2,2025-10-16T17:10:25.952791+00:00,Qatar,world t20 qualifier,world t20 qualifier,https://trends.google.com/trending/rss?geo=QA,"Wed, 15 Oct 2025 11:10:00 -0700"
3,2025-10-16T04:41:11.778299+00:00,Israel,ענבר היימן,Inbar Heyman,https://trends.google.com/trending/rss?geo=IL,"Wed, 15 Oct 2025 21:20:00 -0700"
3,2025-10-16T04:41:11.778299+00:00,Israel,ענבר הימן,Inbar Haiman,https://trends.google.com/trending/rss?geo=IL,"Wed, 15 Oct 2025 21:20:00 -0700"
3,2025-10-16T04:41:11.778299+00:00,Israel,יום הזיכרון ל 7 באוקטובר,October 7 Memorial Day,https://trends.google.com/trending/rss?geo=IL,"Wed, 15 Oct 2025 21:20:00 -0700"
3,2025-10-16T04:41:11.778299+00:00,Israel,שעון חורף,winter time,https://trends.google.com/trending/rss?geo=IL,"Wed, 15 Oct 2025 20:10:00 -0700"
3,2025-10-16T04:41:11.778299+00:00,Israel,is youtube down,is youtube down,https://trends.google.com/trending/rss?geo=IL,"Wed, 15 Oct 2025 17:00:00 -0700"
3,2025-10-16T04:41:11.778299+00:00,Israel,يوتيوب,YouTube,https://trends.google.com/trending/rss?geo=IL,"Wed, 15 Oct 2025 17:00:00 -0700"
3,2025-10-16T04:41:11.778299+00:00,Israel,valencia basket vs hapoel tel aviv,valencia basket vs hapoel tel aviv,https://trends.google.com/trending/rss?geo=IL,"Wed, 15 Oct 2025 13:50:00 -0700"
3,2025-10-16T04:41:11.778299+00:00,Israel,יורוליג,Euroleague,https://trends.google.com/trending/rss?geo=IL,"Wed, 15 Oct 2025 13:40:00 -0700"
3,2025-10-16T04:41:11.778299+00:00,Israel,euroleague,euroleague,https://trends.google.com/trending/rss?geo=IL,"Wed, 15 Oct 2025 13:40:00 -0700"
3,2025-10-16T04:41:11.778299+00:00,Israel,הפועל ירושלים,Hapoel Jerusalem,https://trends.google.com/trending/rss?geo=IL,"Wed, 15 Oct 2025 13:40:00 -0700"
3,2025-10-16T04:41:11.778299+00:00,Gaza,يوتيوب,YouTube,https://trends.google.com/trending/rss?geo=PS,"Wed, 15 Oct 2025 16:40:00 -0700"
3,2025-10-16T04:41:11.778299+00:00,Syria,يوتيوب,YouTube,https://trends.google.com/trending/rss?geo=SY,"Wed, 15 Oct 2025 16:30:00 -0700"
3,2025-10-16T04:41:11.778299+00:00,Syria,england women vs pakistan women,england women vs pakistan women,https://trends.google.com/trending/rss?geo=SY,"Wed, 15 Oct 2025 12:10:00 -0700"
3,2025-10-16T04:41:11.778299+00:00,Syria,نادي روما للسيدات ضد نادي برشلونة للسيدات,Roma Women's Club vs. Barcelona Women's Club,https://trends.google.com/trending/rss?geo=SY,"Wed, 15 Oct 2025 11:50:00 -0700"
3,2025-10-16T04:41:11.778299+00:00,Jordan,يوتيوب,YouTube,https://trends.google.com/trending/rss?geo=JO,"Wed, 15 Oct 2025 16:20:00 -0700"
3,2025-10-16T04:41:11.778299+00:00,Egypt,قرعة كاس العالم 2026,2026 World Cup draw,https://trends.google.com/trending/rss?geo=EG,"Wed, 15 Oct 2025 20:30:00 -0700"
3,2025-10-16T04:41:11.778299+00:00,Egypt,palmeiras vs bragantino,palmeiras vs bragantino,https://trends.google.com/trending/rss?geo=EG,"Wed, 15 Oct 2025 18:20:00 -0700"
3,2025-10-16T04:41:11.778299+00:00,Egypt,youtube down,youtube down,https://trends.google.com/trending/rss?geo=EG,"Wed, 15 Oct 2025 17:00:00 -0700"
3,2025-10-16T04:41:11.778299+00:00,Egypt,spotify,spotify,https://trends.google.com/trending/rss?geo=EG,"Wed, 15 Oct 2025 17:00:00 -0700"
3,2025-10-16T04:41:11.778299+00:00,Egypt,يوتيوب,YouTube,https://trends.google.com/trending/rss?geo=EG,"Wed, 15 Oct 2025 16:30:00 -0700"
3,2025-10-16T04:41:11.778299+00:00,Egypt,فيلم نصيب,Nasib movie,https://trends.google.com/trending/rss?geo=EG,"Wed, 15 Oct 2025 16:20:00 -0700"
3,2025-10-16T04:41:11.778299+00:00,Egypt,جوني مولبي,Johnny Molby,https://trends.google.com/trending/rss?geo=EG,"Wed, 15 Oct 2025 16:00:00 -0700"
3,2025-10-16T04:41:11.778299+00:00,Egypt,إلياس زيدان,Elias Zidane,https://trends.google.com/trending/rss?geo=EG,"Wed, 15 Oct 2025 16:00:00 -0700"
3,2025-10-16T04:41:11.778299+00:00,Egypt,هدير عبد الرازق ا,Hadir Abdel Razzaq A,https://trends.google.com/trending/rss?geo=EG,"Wed, 15 Oct 2025 15:50:00 -0700"
3,2025-10-16T04:41:11.778299+00:00,Egypt,u-20 world cup,u-20 world cup,https://trends.google.com/trending/rss?geo=EG,"Wed, 15 Oct 2025 15:50:00 -0700"
3,2025-10-16T04:41:11.778299+00:00,Iran,فیلم,movie,https://trends.google.com/trending/rss?geo=IR,"Wed, 15 Oct 2025 21:20:00 -0700"
3,2025-10-16T04:41:11.778299+00:00,Iran,حسن اشجاری,Hassan Ashjari,https://trends.google.com/trending/rss?geo=IR,"Wed, 15 Oct 2025 19:10:00 -0700"
3,2025-10-16T04:41:11.778299+00:00,Iran,عشق ابدی,eternal love,https://trends.google.com/trending/rss?geo=IR,"Wed, 15 Oct 2025 17:00:00 -0700"
3,2025-10-16T04:41:11.778299+00:00,Iran,victoria secret,victoria secret,https://trends.google.com/trending/rss?geo=IR,"Wed, 15 Oct 2025 15:30:00 -0700"
3,2025-10-16T04:41:11.778299+00:00,Iran,هدیه تهرانی,Tehrani gift,https://trends.google.com/trending/rss?geo=IR,"Wed, 15 Oct 2025 13:50:00 -0700"
3,2025-10-16T04:41:11.778299+00:00,Iran,پهپاد سیمرغ,Simorgh drone,https://trends.google.com/trending/rss?geo=IR,"Wed, 15 Oct 2025 13:40:00 -0700"
3,2025-10-16T04:41:11.778299+00:00,Iran,بنیامین,Benjamin,https://trends.google.com/trending/rss?geo=IR,"Wed, 15 Oct 2025 12:40:00 -0700"
3,2025-10-16T04:41:11.778299+00:00,Iran,کنعان,Canaan,https://trends.google.com/trending/rss?geo=IR,"Wed, 15 Oct 2025 12:40:00 -0700"
3,2025-10-16T04:41:11.778299+00:00,Iran,منوچهر شفقتیان,Manouchehr Shafqatian,https://trends.google.com/trending/rss?geo=IR,"Wed, 15 Oct 2025 12:20:00 -0700"
3,2025-10-16T04:41:11.778299+00:00,Iran,سگ,the dog,https://trends.google.com/trending/rss?geo=IR,"Wed, 15 Oct 2025 12:10:00 -0700"
3,2025-10-16T04:41:11.778299+00:00,Yemen,يوتيوب,YouTube,https://trends.google.com/trending/rss?geo=YE,"Wed, 15 Oct 2025 16:40:00 -0700"
3,2025-10-16T04:41:11.778299+00:00,Yemen,كأس العالم تحت 20,Under 20 World Cup,https://trends.google.com/trending/rss?geo=YE,"Wed, 15 Oct 2025 16:10:00 -0700"
3,2025-10-16T04:41:11.778299+00:00,Yemen,كاس العالم للشباب,Youth World Cup,https://trends.google.com/trending/rss?geo=YE,"Wed, 15 Oct 2025 15:10:00 -0700"
3,2025-10-16T04:41:11.778299+00:00,Yemen,نادي روما للسيدات ضد نادي برشلونة للسيدات,Roma Women's Club vs. Barcelona Women's Club,https://trends.google.com/trending/rss?geo=YE,"Wed, 15 Oct 2025 11:20:00 -0700"
3,2025-10-16T04:41:11.778299+00:00,Saudi Arabia,مسلسلات,series,https://trends.google.com/trending/rss?geo=SA,"Wed, 15 Oct 2025 17:40:00 -0700"
3,2025-10-16T04:41:11.778299+00:00,Saudi Arabia,مشروع بوابة الملك سلمان مكة المكرمة,"King Salman Gate Project, Makkah Al-Mukarramah",https://trends.google.com/trending/rss?geo=SA,"Wed, 15 Oct 2025 17:30:00 -0700"
3,2025-10-16T04:41:11.778299+00:00,Saudi Arabia,شباب البومب,Bomb youth,https://trends.google.com/trending/rss?geo=SA,"Wed, 15 Oct 2025 17:10:00 -0700"
3,2025-10-16T04:41:11.778299+00:00,Saudi Arabia,is youtube down,is youtube down,https://trends.google.com/trending/rss?geo=SA,"Wed, 15 Oct 2025 17:00:00 -0700"
3,2025-10-16T04:41:11.778299+00:00,Saudi Arabia,شفا,healing,https://trends.google.com/trending/rss?geo=SA,"Wed, 15 Oct 2025 17:00:00 -0700"
3,2025-10-16T04:41:11.778299+00:00,Saudi Arabia,santos vs corinthians,santos vs corinthians,https://trends.google.com/trending/rss?geo=SA,"Wed, 15 Oct 2025 16:50:00 -0700"
3,2025-10-16T04:41:11.778299+00:00,Saudi Arabia,botafogo vs flamengo,botafogo vs flamengo,https://trends.google.com/trending/rss?geo=SA,"Wed, 15 Oct 2025 16:50:00 -0700"
3,2025-10-16T04:41:11.778299+00:00,Saudi Arabia,spotify,spotify,https://trends.google.com/trending/rss?geo=SA,"Wed, 15 Oct 2025 16:40:00 -0700"
3,2025-10-16T04:41:11.778299+00:00,Saudi Arabia,يوتيوب,YouTube,https://trends.google.com/trending/rss?geo=SA,"Wed, 15 Oct 2025 16:00:00 -0700"
3,2025-10-16T04:41:11.778299+00:00,Saudi Arabia,palmeiras vs bragantino,palmeiras vs bragantino,https://trends.google.com/trending/rss?geo=SA,"Wed, 15 Oct 2025 15:30:00 -0700"
3,2025-10-16T04:41:11.778299+00:00,Iraq,قران,The Qur'an,https://trends.google.com/trending/rss?geo=IQ,"Wed, 15 Oct 2025 16:50:00 -0700"
3,2025-10-16T04:41:11.778299+00:00,Iraq,يوتيوب,YouTube,https://trends.google.com/trending/rss?geo=IQ,"Wed, 15 Oct 2025 16:30:00 -0700"
3,2025-10-16T04:41:11.778299+00:00,Iraq,اغاني,songs,https://trends.google.com/trending/rss?geo=IQ,"Wed, 15 Oct 2025 16:30:00 -0700"
3,2025-10-16T04:41:11.778299+00:00,Iraq,كاس العالم للشباب,Youth World Cup,https://trends.google.com/trending/rss?geo=IQ,"Wed, 15 Oct 2025 15:50:00 -0700"
3,2025-10-16T04:41:11.778299+00:00,Iraq,victoria secret fashion show 2025,victoria secret fashion show 2025,https://trends.google.com/trending/rss?geo=IQ,"Wed, 15 Oct 2025 15:10:00 -0700"
3,2025-10-16T04:41:11.778299+00:00,Iraq,سعر الدولار اليوم في العراق,Today's dollar price in Iraq,https://trends.google.com/trending/rss?geo=IQ,"Wed, 15 Oct 2025 13:00:00 -0700"
3,2025-10-16T04:41:11.778299+00:00,Iraq,england women vs pakistan women,england women vs pakistan women,https://trends.google.com/trending/rss?geo=IQ,"Wed, 15 Oct 2025 11:40:00 -0700"
3,2025-10-16T04:41:11.778299+00:00,Iraq,ببجي,PUBG,https://trends.google.com/trending/rss?geo=IQ,"Wed, 15 Oct 2025 11:20:00 -0700"
3,2025-10-16T04:41:11.778299+00:00,Iraq,نادي روما للسيدات ضد نادي برشلونة للسيدات,Roma Women's Club vs. Barcelona Women's Club,https://trends.google.com/trending/rss?geo=IQ,"Wed, 15 Oct 2025 11:10:00 -0700"
3,2025-10-16T04:41:11.778299+00:00,Iraq,nepal vs oman,nepal vs oman,https://trends.google.com/trending/rss?geo=IQ,"Wed, 15 Oct 2025 11:10:00 -0700"
3,2025-10-16T04:41:11.778299+00:00,United Arab Emirates,dubai police ai traffic system,dubai police ai traffic system,https://trends.google.com/trending/rss?geo=AE,"Wed, 15 Oct 2025 20:00:00 -0700"
3,2025-10-16T04:41:11.778299+00:00,United Arab Emirates,youtube down,youtube down,https://trends.google.com/trending/rss?geo=AE,"Wed, 15 Oct 2025 20:00:00 -0700"
3,2025-10-16T04:41:11.778299+00:00,United Arab Emirates,bls international,bls international,https://trends.google.com/trending/rss?geo=AE,"Wed, 15 Oct 2025 19:10:00 -0700"
3,2025-10-16T04:41:11.778299+00:00,United Arab Emirates,santos vs corinthians,santos vs corinthians,https://trends.google.com/trending/rss?geo=AE,"Wed, 15 Oct 2025 17:50:00 -0700"
3,2025-10-16T04:41:11.778299+00:00,United Arab Emirates,palmeiras vs bragantino,palmeiras vs bragantino,https://trends.google.com/trending/rss?geo=AE,"Wed, 15 Oct 2025 17:50:00 -0700"
3,2025-10-16T04:41:11.778299+00:00,United Arab Emirates,argentina u-20 vs colombia u-20,argentina u-20 vs colombia u-20,https://trends.google.com/trending/rss?geo=AE,"Wed, 15 Oct 2025 17:10:00 -0700"
3,2025-10-16T04:41:11.778299+00:00,United Arab Emirates,morocco u-20 vs france u-20,morocco u-20 vs france u-20,https://trends.google.com/trending/rss?geo=AE,"Wed, 15 Oct 2025 15:20:00 -0700"
3,2025-10-16T04:41:11.778299+00:00,United Arab Emirates,kick,kick,https://trends.google.com/trending/rss?geo=AE,"Wed, 15 Oct 2025 15:10:00 -0700"
3,2025-10-16T04:41:11.778299+00:00,United Arab Emirates,يوتيوب,YouTube,https://trends.google.com/trending/rss?geo=AE,"Wed, 15 Oct 2025 13:30:00 -0700"
3,2025-10-16T04:41:11.778299+00:00,United Arab Emirates,chelsea vs paris fc,chelsea vs paris fc,https://trends.google.com/trending/rss?geo=AE,"Wed, 15 Oct 2025 12:10:00 -0700"
3,2025-10-16T04:41:11.778299+00:00,Qatar,santos vs corinthians,santos vs corinthians,https://trends.google.com/trending/rss?geo=QA,"Wed, 15 Oct 2025 19:40:00 -0700"
3,2025-10-16T04:41:11.778299+00:00,Qatar,يوتيوب,YouTube,https://trends.google.com/trending/rss?geo=QA,"Wed, 15 Oct 2025 16:40:00 -0700"
3,2025-10-16T04:41:11.778299+00:00,Qatar,victoria secret fashion show 2025,victoria secret fashion show 2025,https://trends.google.com/trending/rss?geo=QA,"Wed, 15 Oct 2025 16:20:00 -0700"
3,2025-10-16T04:41:11.778299+00:00,Qatar,nepal vs oman,nepal vs oman,https://trends.google.com/trending/rss?geo=QA,"Wed, 15 Oct 2025 05:00:00 -0700"
3,2025-10-16T04:41:11.778299+00:00,Qatar,pankaj dheer,Pankaj Dheer,https://trends.google.com/trending/rss?geo=QA,"Wed, 15 Oct 2025 04:20:00 -0700"
3,2025-10-16T04:41:11.778299+00:00,Qatar,england women vs pakistan women,england women vs pakistan women,https://trends.google.com/trending/rss?geo=QA,"Wed, 15 Oct 2025 02:30:00 -0700"
3,2025-10-16T04:41:11.778299+00:00,Qatar,dewald brevis,dewald brevis,https://trends.google.com/trending/rss?geo=QA,"Tue, 14 Oct 2025 23:40:00 -0700"
3,2025-10-16T04:41:11.778299+00:00,Qatar,raila odinga,Raila Odinga,https://trends.google.com/trending/rss?geo=QA,"Tue, 14 Oct 2025 23:30:00 -0700"
3,2025-10-16T04:41:11.778299+00:00,Qatar,japan vs qatar,japan vs qatar,https://trends.google.com/trending/rss?geo=QA,"Tue, 14 Oct 2025 23:00:00 -0700"
3,2025-10-16T04:41:11.778299+00:00,Qatar,fifa world cup 2026,fifa world cup 2026,https://trends.google.com/trending/rss?geo=QA,"Tue, 14 Oct 2025 22:00:00 -0700"
4,2025-10-15T17:16:31.718244+00:00,Lebanon,بورتو ريكو ضد الأرجنتين,Puerto Rico vs Argentina,https://trends.google.com/trending/rss?geo=LB,"Tue, 14 Oct 2025 19:30:00 -0700"
4,2025-10-15T17:16:31.718244+00:00,Lebanon,puerto rico vs argentina,puerto rico vs argentina,https://trends.google.com/trending/rss?geo=LB,"Tue, 14 Oct 2025 19:00:00 -0700"
4,2025-10-15T17:16:31.718244+00:00,Lebanon,iraq vs saudi arabia,iraq vs saudi arabia,https://trends.google.com/trending/rss?geo=LB,"Tue, 14 Oct 2025 13:50:00 -0700"
4,2025-10-15T17:16:31.718244+00:00,Lebanon,منتخب العراق,Iraq national team,https://trends.google.com/trending/rss?geo=LB,"Tue, 14 Oct 2025 13:20:00 -0700"
4,2025-10-15T17:16:31.718244+00:00,Lebanon,latvia vs england,latvia vs england,https://trends.google.com/trending/rss?geo=LB,"Tue, 14 Oct 2025 13:10:00 -0700"
4,2025-10-15T17:16:31.718244+00:00,Lebanon,portugal fc,portugal fc,https://trends.google.com/trending/rss?geo=LB,"Tue, 14 Oct 2025 13:00:00 -0700"
4,2025-10-15T17:16:31.718244+00:00,Lebanon,saudi arabia vs iraq,saudi arabia vs iraq,https://trends.google.com/trending/rss?geo=LB,"Tue, 14 Oct 2025 12:30:00 -0700"
4,2025-10-15T17:16:31.718244+00:00,Lebanon,world cup qualifiers,world cup qualifiers,https://trends.google.com/trending/rss?geo=LB,"Tue, 14 Oct 2025 12:10:00 -0700"
4,2025-10-15T17:16:31.718244+00:00,Lebanon,italy vs israel,italy vs israel,https://trends.google.com/trending/rss?geo=LB,"Tue, 14 Oct 2025 12:10:00 -0700"
4,2025-10-15T17:16:31.718244+00:00,Lebanon,السعودية ضد العراق,Saudi Arabia against Iraq,https://trends.google.com/trending/rss?geo=LB,"Tue, 14 Oct 2025 11:50:00 -0700"
4,2025-10-15T17:16:31.718244+00:00,Israel,ענהאל שמואלי,Anal Shmueli,https://trends.google.com/trending/rss?geo=IL,"Wed, 15 Oct 2025 09:50:00 -0700"
4,2025-10-15T17:16:31.718244+00:00,Israel,ניצן אלון,Nitzan Alon,https://trends.google.com/trending/rss?geo=IL,"Wed, 15 Oct 2025 09:20:00 -0700"
4,2025-10-15T17:16:31.718244+00:00,Israel,פנינת ינאי,Yanai Pearl,https://trends.google.com/trending/rss?geo=IL,"Wed, 15 Oct 2025 07:50:00 -0700"
4,2025-10-15T17:16:31.718244+00:00,Israel,מדד המחירים לצרכן,Consumer Price Index,https://trends.google.com/trending/rss?geo=IL,"Wed, 15 Oct 2025 07:30:00 -0700"
4,2025-10-15T17:16:31.718244+00:00,Israel,אינדינגב,Indie,https://trends.google.com/trending/rss?geo=IL,"Wed, 15 Oct 2025 06:30:00 -0700"
4,2025-10-15T17:16:31.718244+00:00,Israel,אמילי דמארי,Emily Damari,https://trends.google.com/trending/rss?geo=IL,"Wed, 15 Oct 2025 05:10:00 -0700"
4,2025-10-15T17:16:31.718244+00:00,Israel,פיגוע,An attack,https://trends.google.com/trending/rss?geo=IL,"Wed, 15 Oct 2025 04:30:00 -0700"
4,2025-10-15T17:16:31.718244+00:00,Israel,כביש 443,Road 443,https://trends.google.com/trending/rss?geo=IL,"Wed, 15 Oct 2025 04:10:00 -0700"
4,2025-10-15T17:16:31.718244+00:00,Israel,ברונכיטיס,bronchitis,https://trends.google.com/trending/rss?geo=IL,"Wed, 15 Oct 2025 03:00:00 -0700"
4,2025-10-15T17:16:31.718244+00:00,Israel,דן גולדפוס,Dan Goldus,https://trends.google.com/trending/rss?geo=IL,"Wed, 15 Oct 2025 02:50:00 -0700"
4,2025-10-15T17:16:31.718244+00:00,Gaza,תמיר נמרודי,Tamir Nimrodi,https://trends.google.com/trending/rss?geo=PS,"Tue, 14 Oct 2025 21:40:00 -0700"
4,2025-10-15T17:16:31.718244+00:00,Gaza,بورتو ريكو ضد الأرجنتين,Puerto Rico vs Argentina,https://trends.google.com/trending/rss?geo=PS,"Tue, 14 Oct 2025 19:10:00 -0700"
4,2025-10-15T17:16:31.718244+00:00,Gaza,منتخب السعودية,Saudi national team,https://trends.google.com/trending/rss?geo=PS,"Tue, 14 Oct 2025 13:30:00 -0700"
4,2025-10-15T17:16:31.718244+00:00,Gaza,إيطاليا ضد إسرائيل,Italy against Israel,https://trends.google.com/trending/rss?geo=PS,"Tue, 14 Oct 2025 13:10:00 -0700"
4,2025-10-15T17:16:31.718244+00:00,Gaza,تصفيات كأس العالم,World Cup qualifiers,https://trends.google.com/trending/rss?geo=PS,"Tue, 14 Oct 2025 12:20:00 -0700"
4,2025-10-15T17:16:31.718244+00:00,Gaza,منتخب العراق,Iraq national team,https://trends.google.com/trending/rss?geo=PS,"Tue, 14 Oct 2025 12:10:00 -0700"
4,2025-10-15T17:16:31.718244+00:00,Gaza,איטליה נגד ישראל,Italy against Israel,https://trends.google.com/trending/rss?geo=PS,"Tue, 14 Oct 2025 12:10:00 -0700"
4,2025-10-15T17:16:31.718244+00:00,Gaza,البرتغال ضد هنغاريا,Portugal vs Hungary,https://trends.google.com/trending/rss?geo=PS,"Tue, 14 Oct 2025 11:00:00 -0700"
4,2025-10-15T17:16:31.718244+00:00,Gaza,ألبانيا ضد الأردن,Albania vs Jordan,https://trends.google.com/trending/rss?geo=PS,"Tue, 14 Oct 2025 10:40:00 -0700"
4,2025-10-15T17:16:31.718244+00:00,Syria,puerto rico vs argentina,puerto rico vs argentina,https://trends.google.com/trending/rss?geo=SY,"Tue, 14 Oct 2025 20:50:00 -0700"
4,2025-10-15T17:16:31.718244+00:00,Syria,بورتو ريكو ضد الأرجنتين,Puerto Rico vs Argentina,https://trends.google.com/trending/rss?geo=SY,"Tue, 14 Oct 2025 16:40:00 -0700"
4,2025-10-15T17:16:31.718244+00:00,Syria,qatar vs united arab emirates,qatar vs united arab emirates,https://trends.google.com/trending/rss?geo=SY,"Tue, 14 Oct 2025 16:20:00 -0700"
4,2025-10-15T17:16:31.718244+00:00,Syria,spain vs bulgaria,spain vs bulgaria,https://trends.google.com/trending/rss?geo=SY,"Tue, 14 Oct 2025 13:20:00 -0700"
4,2025-10-15T17:16:31.718244+00:00,Syria,منتخب تركيا,Türkiye national team,https://trends.google.com/trending/rss?geo=SY,"Tue, 14 Oct 2025 13:10:00 -0700"
4,2025-10-15T17:16:31.718244+00:00,Syria,المغرب ضد الكونغو,Morocco against Congo,https://trends.google.com/trending/rss?geo=SY,"Tue, 14 Oct 2025 12:30:00 -0700"
4,2025-10-15T17:16:31.718244+00:00,Syria,portugal vs hungary,portugal vs hungary,https://trends.google.com/trending/rss?geo=SY,"Tue, 14 Oct 2025 12:10:00 -0700"
4,2025-10-15T17:16:31.718244+00:00,Syria,لاتفيا ضد إنجلترا,Latvia vs England,https://trends.google.com/trending/rss?geo=SY,"Tue, 14 Oct 2025 12:00:00 -0700"
4,2025-10-15T17:16:31.718244+00:00,Syria,السعودية,Saudi Arabia,https://trends.google.com/trending/rss?geo=SY,"Tue, 14 Oct 2025 12:00:00 -0700"
4,2025-10-15T17:16:31.718244+00:00,Syria,منتخب العراق,Iraq national team,https://trends.google.com/trending/rss?geo=SY,"Tue, 14 Oct 2025 11:30:00 -0700"
4,2025-10-15T17:16:31.718244+00:00,Jordan,puerto rico vs argentina,puerto rico vs argentina,https://trends.google.com/trending/rss?geo=JO,"Tue, 14 Oct 2025 18:50:00 -0700"
4,2025-10-15T17:16:31.718244+00:00,Jordan,بورتو ريكو ضد الأرجنتين,Puerto Rico vs Argentina,https://trends.google.com/trending/rss?geo=JO,"Tue, 14 Oct 2025 16:40:00 -0700"
4,2025-10-15T17:16:31.718244+00:00,Jordan,لاتفيا ضد إنجلترا,Latvia vs England,https://trends.google.com/trending/rss?geo=JO,"Tue, 14 Oct 2025 13:00:00 -0700"
4,2025-10-15T17:16:31.718244+00:00,Jordan,المغرب ضد الكونغو,Morocco against Congo,https://trends.google.com/trending/rss?geo=JO,"Tue, 14 Oct 2025 12:40:00 -0700"
4,2025-10-15T17:16:31.718244+00:00,Jordan,العراق,Iraq,https://trends.google.com/trending/rss?geo=JO,"Tue, 14 Oct 2025 12:30:00 -0700"
4,2025-10-15T17:16:31.718244+00:00,Jordan,spain vs bulgaria,spain vs bulgaria,https://trends.google.com/trending/rss?geo=JO,"Tue, 14 Oct 2025 12:20:00 -0700"
4,2025-10-15T17:16:31.718244+00:00,Jordan,تركيا ضد جورجيا,Türkiye vs Georgia,https://trends.google.com/trending/rss?geo=JO,"Tue, 14 Oct 2025 12:10:00 -0700"
4,2025-10-15T17:16:31.718244+00:00,Jordan,السعودية,Saudi Arabia,https://trends.google.com/trending/rss?geo=JO,"Tue, 14 Oct 2025 12:00:00 -0700"
4,2025-10-15T17:16:31.718244+00:00,Jordan,إيطاليا ضد إسرائيل,Italy against Israel,https://trends.google.com/trending/rss?geo=JO,"Tue, 14 Oct 2025 11:50:00 -0700"
4,2025-10-15T17:16:31.718244+00:00,Jordan,يلا كوره,"Come on, football",https://trends.google.com/trending/rss?geo=JO,"Tue, 14 Oct 2025 11:50:00 -0700"
4,2025-10-15T17:16:31.718244+00:00,Egypt,موعد اذان العشاء,Isha azan time,https://trends.google.com/trending/rss?geo=EG,"Wed, 15 Oct 2025 09:30:00 -0700"
4,2025-10-15T17:16:31.718244+00:00,Egypt,محمد سعد,Muhammad Saad,https://trends.google.com/trending/rss?geo=EG,"Wed, 15 Oct 2025 08:50:00 -0700"
4,2025-10-15T17:16:31.718244+00:00,Egypt,بوابة الوظائف الحكومية,Government jobs portal,https://trends.google.com/trending/rss?geo=EG,"Wed, 15 Oct 2025 08:40:00 -0700"
4,2025-10-15T17:16:31.718244+00:00,Egypt,نجلاء بدر,Naglaa Badr,https://trends.google.com/trending/rss?geo=EG,"Wed, 15 Oct 2025 08:40:00 -0700"
4,2025-10-15T17:16:31.718244+00:00,Egypt,محاكمة نتنياهو,Netanyahu trial,https://trends.google.com/trending/rss?geo=EG,"Wed, 15 Oct 2025 08:30:00 -0700"
4,2025-10-15T17:16:31.718244+00:00,Egypt,victoria secret fashion show 2025,victoria secret fashion show 2025,https://trends.google.com/trending/rss?geo=EG,"Wed, 15 Oct 2025 07:50:00 -0700"
4,2025-10-15T17:16:31.718244+00:00,Egypt,ماجدة زكي,Magda Zaki,https://trends.google.com/trending/rss?geo=EG,"Wed, 15 Oct 2025 06:30:00 -0700"
4,2025-10-15T17:16:31.718244+00:00,Egypt,تشارلي كيرك,Charlie Kirk,https://trends.google.com/trending/rss?geo=EG,"Wed, 15 Oct 2025 05:50:00 -0700"
4,2025-10-15T17:16:31.718244+00:00,Egypt,raila odinga,Raila Odinga,https://trends.google.com/trending/rss?geo=EG,"Wed, 15 Oct 2025 05:20:00 -0700"
4,2025-10-15T17:16:31.718244+00:00,Egypt,رئيس إثيوبيا,President of Ethiopia,https://trends.google.com/trending/rss?geo=EG,"Wed, 15 Oct 2025 04:40:00 -0700"
4,2025-10-15T17:16:31.718244+00:00,Iran,قیمت مسکن,Housing prices,https://trends.google.com/trending/rss?geo=IR,"Wed, 15 Oct 2025 10:00:00 -0700"
4,2025-10-15T17:16:31.718244+00:00,Iran,لیسانسه ها,Bachelors,https://trends.google.com/trending/rss?geo=IR,"Wed, 15 Oct 2025 09:50:00 -0700"
4,2025-10-15T17:16:31.718244+00:00,Iran,شهره لرستانی,Shohreh Lorestani,https://trends.google.com/trending/rss?geo=IR,"Wed, 15 Oct 2025 09:50:00 -0700"
4,2025-10-15T17:16:31.718244+00:00,Iran,گشت ارشاد,Guidance Patrol,https://trends.google.com/trending/rss?geo=IR,"Wed, 15 Oct 2025 09:40:00 -0700"
4,2025-10-15T17:16:31.718244+00:00,Iran,میریام ادلسون,Miriam Adelson,https://trends.google.com/trending/rss?geo=IR,"Wed, 15 Oct 2025 09:00:00 -0700"
4,2025-10-15T17:16:31.718244+00:00,Iran,تیم ملی فوتبال اسرائیل,Israeli national football team,https://trends.google.com/trending/rss?geo=IR,"Wed, 15 Oct 2025 09:00:00 -0700"
4,2025-10-15T17:16:31.718244+00:00,Iran,جی تی ای ۶,GTA,https://trends.google.com/trending/rss?geo=IR,"Wed, 15 Oct 2025 08:20:00 -0700"
4,2025-10-15T17:16:31.718244+00:00,Iran,ناخدا خورشید,The captain of the sun,https://trends.google.com/trending/rss?geo=IR,"Wed, 15 Oct 2025 08:00:00 -0700"
4,2025-10-15T17:16:31.718244+00:00,Iran,جروم پاول,Jerome Powell,https://trends.google.com/trending/rss?geo=IR,"Wed, 15 Oct 2025 06:50:00 -0700"
4,2025-10-15T17:16:31.718244+00:00,Iran,تیم ملی فوتبال آلبانی,Albanian national football team,https://trends.google.com/trending/rss?geo=IR,"Wed, 15 Oct 2025 06:30:00 -0700"
4,2025-10-15T17:16:31.718244+00:00,Yemen,بورتو ريكو ضد الأرجنتين,Puerto Rico vs Argentina,https://trends.google.com/trending/rss?geo=YE,"Tue, 14 Oct 2025 16:30:00 -0700"
4,2025-10-15T17:16:31.718244+00:00,Yemen,السنغال ضد موريتانيا,Senegal vs Mauritania,https://trends.google.com/trending/rss?geo=YE,"Tue, 14 Oct 2025 14:10:00 -0700"
4,2025-10-15T17:16:31.718244+00:00,Yemen,منتخب العراق لكرة القدم,Iraq national football team,https://trends.google.com/trending/rss?geo=YE,"Tue, 14 Oct 2025 13:20:00 -0700"
4,2025-10-15T17:16:31.718244+00:00,Yemen,portugal vs hungary,portugal vs hungary,https://trends.google.com/trending/rss?geo=YE,"Tue, 14 Oct 2025 12:20:00 -0700"
4,2025-10-15T17:16:31.718244+00:00,Yemen,يلا شوت,Let's shoot,https://trends.google.com/trending/rss?geo=YE,"Tue, 14 Oct 2025 12:00:00 -0700"
4,2025-10-15T17:16:31.718244+00:00,Yemen,الاسطورة لبث المباريات,Legend to broadcast matches,https://trends.google.com/trending/rss?geo=YE,"Tue, 14 Oct 2025 12:00:00 -0700"
4,2025-10-15T17:16:31.718244+00:00,Yemen,الاسطورة,The legend,https://trends.google.com/trending/rss?geo=YE,"Tue, 14 Oct 2025 12:00:00 -0700"
4,2025-10-15T17:16:31.718244+00:00,Yemen,السعودية,Saudi Arabia,https://trends.google.com/trending/rss?geo=YE,"Tue, 14 Oct 2025 11:50:00 -0700"
4,2025-10-15T17:16:31.718244+00:00,Yemen,منتخب العراق,Iraq national team,https://trends.google.com/trending/rss?geo=YE,"Tue, 14 Oct 2025 11:50:00 -0700"
4,2025-10-15T17:16:31.718244+00:00,Yemen,بث مباشر,live feed,https://trends.google.com/trending/rss?geo=YE,"Tue, 14 Oct 2025 11:50:00 -0700"
4,2025-10-15T17:16:31.718244+00:00,Saudi Arabia,سعر جرام الذهب عيار 21 سعر الذهب اليوم,"The price of a gram of 21 carat gold, the price of gold today",https://trends.google.com/trending/rss?geo=SA,"Wed, 15 Oct 2025 09:40:00 -0700"
4,2025-10-15T17:16:31.718244+00:00,Saudi Arabia,golden visa uae,golden visa uae,https://trends.google.com/trending/rss?geo=SA,"Wed, 15 Oct 2025 09:20:00 -0700"
4,2025-10-15T17:16:31.718244+00:00,Saudi Arabia,بنات البومب,Bomb girls,https://trends.google.com/trending/rss?geo=SA,"Wed, 15 Oct 2025 09:00:00 -0700"
4,2025-10-15T17:16:31.718244+00:00,Saudi Arabia,رجوة الحسين,Rajwa Al-Hussein,https://trends.google.com/trending/rss?geo=SA,"Wed, 15 Oct 2025 08:40:00 -0700"
4,2025-10-15T17:16:31.718244+00:00,Saudi Arabia,مشروع بوابة الملك سلمان,King Salman Gate Project,https://trends.google.com/trending/rss?geo=SA,"Wed, 15 Oct 2025 08:10:00 -0700"
4,2025-10-15T17:16:31.718244+00:00,Saudi Arabia,مسلسل المرسى,Marsa series,https://trends.google.com/trending/rss?geo=SA,"Wed, 15 Oct 2025 08:10:00 -0700"
4,2025-10-15T17:16:31.718244+00:00,Saudi Arabia,nepal vs oman,nepal vs oman,https://trends.google.com/trending/rss?geo=SA,"Wed, 15 Oct 2025 07:00:00 -0700"
4,2025-10-15T17:16:31.718244+00:00,Saudi Arabia,سكن,housing,https://trends.google.com/trending/rss?geo=SA,"Wed, 15 Oct 2025 05:20:00 -0700"
4,2025-10-15T17:16:31.718244+00:00,Saudi Arabia,اسكان,Scans,https://trends.google.com/trending/rss?geo=SA,"Wed, 15 Oct 2025 04:50:00 -0700"
4,2025-10-15T17:16:31.718244+00:00,Saudi Arabia,alishan sharafu,alishan sharafu,https://trends.google.com/trending/rss?geo=SA,"Wed, 15 Oct 2025 04:30:00 -0700"
4,2025-10-15T17:16:31.718244+00:00,Iraq,خوسيلو,خوژيلو,https://trends.google.com/trending/rss?geo=IQ,"Wed, 15 Oct 2025 08:00:00 -0700"
4,2025-10-15T17:16:31.718244+00:00,Iraq,المنتخب الاردني,Jordanian national team,https://trends.google.com/trending/rss?geo=IQ,"Wed, 15 Oct 2025 07:20:00 -0700"
4,2025-10-15T17:16:31.718244+00:00,Iraq,japan vs brazil live stream,japan vs brazil live stream,https://trends.google.com/trending/rss?geo=IQ,"Wed, 15 Oct 2025 06:00:00 -0700"
4,2025-10-15T17:16:31.718244+00:00,Iraq,محمود العارضة,Mahmoud Al-Arda,https://trends.google.com/trending/rss?geo=IQ,"Wed, 15 Oct 2025 03:40:00 -0700"
4,2025-10-15T17:16:31.718244+00:00,Iraq,argentina fc,Argentina fc,https://trends.google.com/trending/rss?geo=IQ,"Tue, 14 Oct 2025 23:10:00 -0700"
4,2025-10-15T17:16:31.718244+00:00,Iraq,صفاء المشهداني,Safaa Al-Mashhadani,https://trends.google.com/trending/rss?geo=IQ,"Tue, 14 Oct 2025 21:30:00 -0700"
4,2025-10-15T17:16:31.718244+00:00,Iraq,ibrahim tatlıses,ibrahim tatlises,https://trends.google.com/trending/rss?geo=IQ,"Tue, 14 Oct 2025 21:30:00 -0700"
4,2025-10-15T17:16:31.718244+00:00,Iraq,كاساس,Casas,https://trends.google.com/trending/rss?geo=IQ,"Tue, 14 Oct 2025 21:30:00 -0700"
4,2025-10-15T17:16:31.718244+00:00,Iraq,الولايات المتحدة ضد أستراليا,United States against Australia,https://trends.google.com/trending/rss?geo=IQ,"Tue, 14 Oct 2025 20:10:00 -0700"
4,2025-10-15T17:16:31.718244+00:00,Iraq,puerto rico vs argentina,puerto rico vs argentina,https://trends.google.com/trending/rss?geo=IQ,"Tue, 14 Oct 2025 17:40:00 -0700"
4,2025-10-15T17:16:31.718244+00:00,United Arab Emirates,gold prices,gold prices,https://trends.google.com/trending/rss?geo=AE,"Wed, 15 Oct 2025 09:00:00 -0700"
4,2025-10-15T17:16:31.718244+00:00,United Arab Emirates,charlie dean,charlie dean,https://trends.google.com/trending/rss?geo=AE,"Wed, 15 Oct 2025 08:50:00 -0700"
4,2025-10-15T17:16:31.718244+00:00,United Arab Emirates,pkl,street vendors,https://trends.google.com/trending/rss?geo=AE,"Wed, 15 Oct 2025 08:10:00 -0700"
4,2025-10-15T17:16:31.718244+00:00,United Arab Emirates,world t20 qualifier,world t20 qualifier,https://trends.google.com/trending/rss?geo=AE,"Wed, 15 Oct 2025 08:00:00 -0700"
4,2025-10-15T17:16:31.718244+00:00,United Arab Emirates,القرية العالمية دبي,Global Village Dubai,https://trends.google.com/trending/rss?geo=AE,"Wed, 15 Oct 2025 06:20:00 -0700"
4,2025-10-15T17:16:31.718244+00:00,United Arab Emirates,nepal vs oman,nepal vs oman,https://trends.google.com/trending/rss?geo=AE,"Wed, 15 Oct 2025 06:10:00 -0700"
4,2025-10-15T17:16:31.718244+00:00,United Arab Emirates,alishan sharafu,alishan sharafu,https://trends.google.com/trending/rss?geo=AE,"Wed, 15 Oct 2025 04:00:00 -0700"
4,2025-10-15T17:16:31.718244+00:00,United Arab Emirates,global village opening,global village opening,https://trends.google.com/trending/rss?geo=AE,"Wed, 15 Oct 2025 03:00:00 -0700"
4,2025-10-15T17:16:31.718244+00:00,United Arab Emirates,england women vs pakistan women,england women vs pakistan women,https://trends.google.com/trending/rss?geo=AE,"Wed, 15 Oct 2025 02:30:00 -0700"
4,2025-10-15T17:16:31.718244+00:00,United Arab Emirates,pankaj dheer,Pankaj Dheer,https://trends.google.com/trending/rss?geo=AE,"Wed, 15 Oct 2025 01:30:00 -0700"
4,2025-10-15T17:16:31.718244+00:00,Qatar,nep vs oma,fake vs grandma,https://trends.google.com/trending/rss?geo=QA,"Wed, 15 Oct 2025 08:10:00 -0700"
4,2025-10-15T17:16:31.718244+00:00,Qatar,pankaj dheer,Pankaj Dheer,https://trends.google.com/trending/rss?geo=QA,"Wed, 15 Oct 2025 04:20:00 -0700"
4,2025-10-15T17:16:31.718244+00:00,Qatar,england women vs pakistan women,england women vs pakistan women,https://trends.google.com/trending/rss?geo=QA,"Wed, 15 Oct 2025 02:30:00 -0700"
4,2025-10-15T17:16:31.718244+00:00,Qatar,shaheen afridi,Sheen Africa,https://trends.google.com/trending/rss?geo=QA,"Wed, 15 Oct 2025 02:10:00 -0700"
4,2025-10-15T17:16:31.718244+00:00,Qatar,dewald brevis,Dewald Brevis,https://trends.google.com/trending/rss?geo=QA,"Tue, 14 Oct 2025 23:40:00 -0700"
4,2025-10-15T17:16:31.718244+00:00,Qatar,raila odinga,Raila Odinga,https://trends.google.com/trending/rss?geo=QA,"Tue, 14 Oct 2025 23:30:00 -0700"
4,2025-10-15T17:16:31.718244+00:00,Qatar,japan vs qatar,japan vs qatar,https://trends.google.com/trending/rss?geo=QA,"Tue, 14 Oct 2025 23:00:00 -0700"
4,2025-10-15T17:16:31.718244+00:00,Qatar,mexico vs ecuador,mexico vs ecuador,https://trends.google.com/trending/rss?geo=QA,"Tue, 14 Oct 2025 20:10:00 -0700"
4,2025-10-15T17:16:31.718244+00:00,Qatar,argentina fc,Argentina fc,https://trends.google.com/trending/rss?geo=QA,"Tue, 14 Oct 2025 19:00:00 -0700"
4,2025-10-15T17:16:31.718244+00:00,Qatar,puerto rico vs argentina,puerto rico vs argentina,https://trends.google.com/trending/rss?geo=QA,"Tue, 14 Oct 2025 16:30:00 -0700"
5,2025-10-15T17:00:00.531975+00:00,Lebanon,بورتو ريكو ضد الأرجنتين,Puerto Rico vs Argentina,https://trends.google.com/trending/rss?geo=LB,"Tue, 14 Oct 2025 19:30:00 -0700"
5,2025-10-15T17:00:00.531975+00:00,Lebanon,puerto rico vs argentina,puerto rico vs argentina,https://trends.google.com/trending/rss?geo=LB,"Tue, 14 Oct 2025 19:00:00 -0700"
5,2025-10-15T17:00:00.531975+00:00,Lebanon,iraq vs saudi arabia,iraq vs saudi arabia,https://trends.google.com/trending/rss?geo=LB,"Tue, 14 Oct 2025 13:50:00 -0700"
5,2025-10-15T17:00:00.531975+00:00,Lebanon,منتخب العراق,Iraq national team,https://trends.google.com/trending/rss?geo=LB,"Tue, 14 Oct 2025 13:20:00 -0700"
5,2025-10-15T17:00:00.531975+00:00,Lebanon,latvia vs england,latvia vs england,https://trends.google.com/trending/rss?geo=LB,"Tue, 14 Oct 2025 13:10:00 -0700"
5,2025-10-15T17:00:00.531975+00:00,Lebanon,portugal fc,portugal fc,https://trends.google.com/trending/rss?geo=LB,"Tue, 14 Oct 2025 13:00:00 -0700"
5,2025-10-15T17:00:00.531975+00:00,Lebanon,تصفيات كأس العالم,World Cup qualifiers,https://trends.google.com/trending/rss?geo=LB,"Tue, 14 Oct 2025 12:40:00 -0700"
5,2025-10-15T17:00:00.531975+00:00,Lebanon,saudi arabia vs iraq,saudi arabia vs iraq,https://trends.google.com/trending/rss?geo=LB,"Tue, 14 Oct 2025 12:30:00 -0700"
5,2025-10-15T17:00:00.531975+00:00,Lebanon,world cup qualifiers,world cup qualifiers,https://trends.google.com/trending/rss?geo=LB,"Tue, 14 Oct 2025 12:10:00 -0700"
5,2025-10-15T17:00:00.531975+00:00,Lebanon,italy vs israel,italy vs israel,https://trends.google.com/trending/rss?geo=LB,"Tue, 14 Oct 2025 12:10:00 -0700"
5,2025-10-15T17:00:00.531975+00:00,Israel,ענהאל שמואלי,Anal Shmueli,https://trends.google.com/trending/rss?geo=IL,"Wed, 15 Oct 2025 09:50:00 -0700"
5,2025-10-15T17:00:00.531975+00:00,Israel,ניצן אלון,Nitzan Alon,https://trends.google.com/trending/rss?geo=IL,"Wed, 15 Oct 2025 09:20:00 -0700"
5,2025-10-15T17:00:00.531975+00:00,Israel,פנינת ינאי,Yanai Pearl,https://trends.google.com/trending/rss?geo=IL,"Wed, 15 Oct 2025 07:50:00 -0700"
5,2025-10-15T17:00:00.531975+00:00,Israel,מדד המחירים לצרכן,Consumer Price Index,https://trends.google.com/trending/rss?geo=IL,"Wed, 15 Oct 2025 07:30:00 -0700"
5,2025-10-15T17:00:00.531975+00:00,Israel,אינדינגב,Indie,https://trends.google.com/trending/rss?geo=IL,"Wed, 15 Oct 2025 06:30:00 -0700"
5,2025-10-15T17:00:00.531975+00:00,Israel,חגי לוין,Hagai Levin,https://trends.google.com/trending/rss?geo=IL,"Wed, 15 Oct 2025 06:20:00 -0700"
5,2025-10-15T17:00:00.531975+00:00,Israel,אמילי דמארי,Emily Damari,https://trends.google.com/trending/rss?geo=IL,"Wed, 15 Oct 2025 05:10:00 -0700"
5,2025-10-15T17:00:00.531975+00:00,Israel,פיגוע,An attack,https://trends.google.com/trending/rss?geo=IL,"Wed, 15 Oct 2025 04:30:00 -0700"
5,2025-10-15T17:00:00.531975+00:00,Israel,כביש 443,Road 443,https://trends.google.com/trending/rss?geo=IL,"Wed, 15 Oct 2025 04:10:00 -0700"
5,2025-10-15T17:00:00.531975+00:00,Israel,דן גולדפוס,Dan Goldus,https://trends.google.com/trending/rss?geo=IL,"Wed, 15 Oct 2025 02:50:00 -0700"
5,2025-10-15T17:00:00.531975+00:00,Gaza,תמיר נמרודי,Tamir Nimrodi,https://trends.google.com/trending/rss?geo=PS,"Tue, 14 Oct 2025 21:40:00 -0700"
5,2025-10-15T17:00:00.531975+00:00,Gaza,بورتو ريكو ضد الأرجنتين,Puerto Rico vs Argentina,https://trends.google.com/trending/rss?geo=PS,"Tue, 14 Oct 2025 19:10:00 -0700"
5,2025-10-15T17:00:00.531975+00:00,Gaza,منتخب السعودية,Saudi national team,https://trends.google.com/trending/rss?geo=PS,"Tue, 14 Oct 2025 13:30:00 -0700"
5,2025-10-15T17:00:00.531975+00:00,Gaza,إيطاليا ضد إسرائيل,Italy against Israel,https://trends.google.com/trending/rss?geo=PS,"Tue, 14 Oct 2025 13:10:00 -0700"
5,2025-10-15T17:00:00.531975+00:00,Gaza,تصفيات كأس العالم,World Cup qualifiers,https://trends.google.com/trending/rss?geo=PS,"Tue, 14 Oct 2025 12:20:00 -0700"
5,2025-10-15T17:00:00.531975+00:00,Gaza,منتخب العراق,Iraq national team,https://trends.google.com/trending/rss?geo=PS,"Tue, 14 Oct 2025 12:10:00 -0700"
5,2025-10-15T17:00:00.531975+00:00,Gaza,איטליה נגד ישראל,Italy against Israel,https://trends.google.com/trending/rss?geo=PS,"Tue, 14 Oct 2025 12:10:00 -0700"
5,2025-10-15T17:00:00.531975+00:00,Gaza,البرتغال ضد هنغاريا,Portugal vs Hungary,https://trends.google.com/trending/rss?geo=PS,"Tue, 14 Oct 2025 11:00:00 -0700"
5,2025-10-15T17:00:00.531975+00:00,Gaza,ألبانيا ضد الأردن,Albania vs Jordan,https://trends.google.com/trending/rss?geo=PS,"Tue, 14 Oct 2025 10:40:00 -0700"
5,2025-10-15T17:00:00.531975+00:00,Syria,puerto rico vs argentina,puerto rico vs argentina,https://trends.google.com/trending/rss?geo=SY,"Tue, 14 Oct 2025 20:50:00 -0700"
5,2025-10-15T17:00:00.531975+00:00,Syria,بورتو ريكو ضد الأرجنتين,Puerto Rico vs Argentina,https://trends.google.com/trending/rss?geo=SY,"Tue, 14 Oct 2025 16:40:00 -0700"
5,2025-10-15T17:00:00.531975+00:00,Syria,qatar vs united arab emirates,qatar vs united arab emirates,https://trends.google.com/trending/rss?geo=SY,"Tue, 14 Oct 2025 16:20:00 -0700"
5,2025-10-15T17:00:00.531975+00:00,Syria,spain vs bulgaria,spain vs bulgaria,https://trends.google.com/trending/rss?geo=SY,"Tue, 14 Oct 2025 13:20:00 -0700"
5,2025-10-15T17:00:00.531975+00:00,Syria,منتخب تركيا,Türkiye national team,https://trends.google.com/trending/rss?geo=SY,"Tue, 14 Oct 2025 13:10:00 -0700"
5,2025-10-15T17:00:00.531975+00:00,Syria,المغرب ضد الكونغو,Morocco against Congo,https://trends.google.com/trending/rss?geo=SY,"Tue, 14 Oct 2025 12:30:00 -0700"
5,2025-10-15T17:00:00.531975+00:00,Syria,portugal vs hungary,portugal vs hungary,https://trends.google.com/trending/rss?geo=SY,"Tue, 14 Oct 2025 12:10:00 -0700"
5,2025-10-15T17:00:00.531975+00:00,Syria,لاتفيا ضد إنجلترا,Latvia vs England,https://trends.google.com/trending/rss?geo=SY,"Tue, 14 Oct 2025 12:00:00 -0700"
5,2025-10-15T17:00:00.531975+00:00,Syria,السعودية,Saudi Arabia,https://trends.google.com/trending/rss?geo=SY,"Tue, 14 Oct 2025 12:00:00 -0700"
5,2025-10-15T17:00:00.531975+00:00,Syria,منتخب العراق,Iraq national team,https://trends.google.com/trending/rss?geo=SY,"Tue, 14 Oct 2025 11:30:00 -0700"
5,2025-10-15T17:00:00.531975+00:00,Jordan,puerto rico vs argentina,puerto rico vs argentina,https://trends.google.com/trending/rss?geo=JO,"Tue, 14 Oct 2025 18:50:00 -0700"
5,2025-10-15T17:00:00.531975+00:00,Jordan,بورتو ريكو ضد الأرجنتين,Puerto Rico vs Argentina,https://trends.google.com/trending/rss?geo=JO,"Tue, 14 Oct 2025 16:40:00 -0700"
5,2025-10-15T17:00:00.531975+00:00,Jordan,لاتفيا ضد إنجلترا,Latvia vs England,https://trends.google.com/trending/rss?geo=JO,"Tue, 14 Oct 2025 13:00:00 -0700"
5,2025-10-15T17:00:00.531975+00:00,Jordan,المغرب ضد الكونغو,Morocco against Congo,https://trends.google.com/trending/rss?geo=JO,"Tue, 14 Oct 2025 12:40:00 -0700"
5,2025-10-15T17:00:00.531975+00:00,Jordan,العراق,Iraq,https://trends.google.com/trending/rss?geo=JO,"Tue, 14 Oct 2025 12:30:00 -0700"
5,2025-10-15T17:00:00.531975+00:00,Jordan,spain vs bulgaria,spain vs bulgaria,https://trends.google.com/trending/rss?geo=JO,"Tue, 14 Oct 2025 12:20:00 -0700"
5,2025-10-15T17:00:00.531975+00:00,Jordan,تركيا ضد جورجيا,Türkiye vs Georgia,https://trends.google.com/trending/rss?geo=JO,"Tue, 14 Oct 2025 12:10:00 -0700"
5,2025-10-15T17:00:00.531975+00:00,Jordan,السعودية,Saudi Arabia,https://trends.google.com/trending/rss?geo=JO,"Tue, 14 Oct 2025 12:00:00 -0700"
5,2025-10-15T17:00:00.531975+00:00,Jordan,إيطاليا ضد إسرائيل,Italy against Israel,https://trends.google.com/trending/rss?geo=JO,"Tue, 14 Oct 2025 11:50:00 -0700"
5,2025-10-15T17:00:00.531975+00:00,Jordan,يلا كوره,"Come on, football",https://trends.google.com/trending/rss?geo=JO,"Tue, 14 Oct 2025 11:50:00 -0700"
5,2025-10-15T17:00:00.531975+00:00,Egypt,موعد اذان العشاء,Isha azan time,https://trends.google.com/trending/rss?geo=EG,"Wed, 15 Oct 2025 09:30:00 -0700"
5,2025-10-15T17:00:00.531975+00:00,Egypt,بوابه الوظائف الحكوميه,Government jobs portal,https://trends.google.com/trending/rss?geo=EG,"Wed, 15 Oct 2025 09:10:00 -0700"
5,2025-10-15T17:00:00.531975+00:00,Egypt,محمد سعد,Muhammad Saad,https://trends.google.com/trending/rss?geo=EG,"Wed, 15 Oct 2025 08:50:00 -0700"
5,2025-10-15T17:00:00.531975+00:00,Egypt,بوابة الوظائف الحكومية,Government jobs portal,https://trends.google.com/trending/rss?geo=EG,"Wed, 15 Oct 2025 08:40:00 -0700"
5,2025-10-15T17:00:00.531975+00:00,Egypt,نجلاء بدر,Naglaa Badr,https://trends.google.com/trending/rss?geo=EG,"Wed, 15 Oct 2025 08:40:00 -0700"
5,2025-10-15T17:00:00.531975+00:00,Egypt,محاكمة نتنياهو,Netanyahu trial,https://trends.google.com/trending/rss?geo=EG,"Wed, 15 Oct 2025 08:30:00 -0700"
5,2025-10-15T17:00:00.531975+00:00,Egypt,victoria secret fashion show 2025,victoria secret fashion show 2025,https://trends.google.com/trending/rss?geo=EG,"Wed, 15 Oct 2025 07:50:00 -0700"
5,2025-10-15T17:00:00.531975+00:00,Egypt,ماجدة زكي,Magda Zaki,https://trends.google.com/trending/rss?geo=EG,"Wed, 15 Oct 2025 06:30:00 -0700"
5,2025-10-15T17:00:00.531975+00:00,Egypt,تشارلي كيرك,Charlie Kirk,https://trends.google.com/trending/rss?geo=EG,"Wed, 15 Oct 2025 05:50:00 -0700"
5,2025-10-15T17:00:00.531975+00:00,Egypt,raila odinga,Raila Odinga,https://trends.google.com/trending/rss?geo=EG,"Wed, 15 Oct 2025 05:20:00 -0700"
5,2025-10-15T17:00:00.531975+00:00,Iran,گشت ارشاد,Guidance Patrol,https://trends.google.com/trending/rss?geo=IR,"Wed, 15 Oct 2025 09:40:00 -0700"
5,2025-10-15T17:00:00.531975+00:00,Iran,میریام ادلسون,Miriam Adelson,https://trends.google.com/trending/rss?geo=IR,"Wed, 15 Oct 2025 09:00:00 -0700"
5,2025-10-15T17:00:00.531975+00:00,Iran,تیم ملی فوتبال اسرائیل,Israeli national football team,https://trends.google.com/trending/rss?geo=IR,"Wed, 15 Oct 2025 09:00:00 -0700"
5,2025-10-15T17:00:00.531975+00:00,Iran,جی تی ای ۶,GTA,https://trends.google.com/trending/rss?geo=IR,"Wed, 15 Oct 2025 08:20:00 -0700"
5,2025-10-15T17:00:00.531975+00:00,Iran,ناخدا خورشید,The captain of the sun,https://trends.google.com/trending/rss?geo=IR,"Wed, 15 Oct 2025 08:00:00 -0700"
5,2025-10-15T17:00:00.531975+00:00,Iran,جروم پاول,Jerome Powell,https://trends.google.com/trending/rss?geo=IR,"Wed, 15 Oct 2025 06:50:00 -0700"
5,2025-10-15T17:00:00.531975+00:00,Iran,تیم ملی فوتبال آلبانی,Albanian national football team,https://trends.google.com/trending/rss?geo=IR,"Wed, 15 Oct 2025 06:30:00 -0700"
5,2025-10-15T17:00:00.531975+00:00,Iran,پلاک خودرو,Car license plate,https://trends.google.com/trending/rss?geo=IR,"Wed, 15 Oct 2025 06:10:00 -0700"
5,2025-10-15T17:00:00.531975+00:00,Iran,مهران احمدی,Mehran Ahmadi,https://trends.google.com/trending/rss?geo=IR,"Wed, 15 Oct 2025 06:10:00 -0700"
5,2025-10-15T17:00:00.531975+00:00,Iran,کیپ ورد فوتبال,Cape Word Football,https://trends.google.com/trending/rss?geo=IR,"Wed, 15 Oct 2025 06:00:00 -0700"
5,2025-10-15T17:00:00.531975+00:00,Yemen,بورتو ريكو ضد الأرجنتين,Puerto Rico vs Argentina,https://trends.google.com/trending/rss?geo=YE,"Tue, 14 Oct 2025 16:30:00 -0700"
5,2025-10-15T17:00:00.531975+00:00,Yemen,السنغال ضد موريتانيا,Senegal vs Mauritania,https://trends.google.com/trending/rss?geo=YE,"Tue, 14 Oct 2025 14:10:00 -0700"
5,2025-10-15T17:00:00.531975+00:00,Yemen,منتخب العراق لكرة القدم,Iraq national football team,https://trends.google.com/trending/rss?geo=YE,"Tue, 14 Oct 2025 13:20:00 -0700"
5,2025-10-15T17:00:00.531975+00:00,Yemen,portugal vs hungary,portugal vs hungary,https://trends.google.com/trending/rss?geo=YE,"Tue, 14 Oct 2025 12:20:00 -0700"
5,2025-10-15T17:00:00.531975+00:00,Yemen,يلا شوت,Let's shoot,https://trends.google.com/trending/rss?geo=YE,"Tue, 14 Oct 2025 12:00:00 -0700"
5,2025-10-15T17:00:00.531975+00:00,Yemen,الاسطورة لبث المباريات,Legend to broadcast matches,https://trends.google.com/trending/rss?geo=YE,"Tue, 14 Oct 2025 12:00:00 -0700"
5,2025-10-15T17:00:00.531975+00:00,Yemen,الاسطورة,The legend,https://trends.google.com/trending/rss?geo=YE,"Tue, 14 Oct 2025 12:00:00 -0700"
5,2025-10-15T17:00:00.531975+00:00,Yemen,السعودية,Saudi Arabia,https://trends.google.com/trending/rss?geo=YE,"Tue, 14 Oct 2025 11:50:00 -0700"
5,2025-10-15T17:00:00.531975+00:00,Yemen,منتخب العراق,Iraq national team,https://trends.google.com/trending/rss?geo=YE,"Tue, 14 Oct 2025 11:50:00 -0700"
5,2025-10-15T17:00:00.531975+00:00,Yemen,بث مباشر,live feed,https://trends.google.com/trending/rss?geo=YE,"Tue, 14 Oct 2025 11:50:00 -0700"
5,2025-10-15T17:00:00.531975+00:00,Saudi Arabia,سعر جرام الذهب عيار 21 سعر الذهب اليوم,"The price of a gram of 21 karat gold, the price of gold today",https://trends.google.com/trending/rss?geo=SA,"Wed, 15 Oct 2025 09:40:00 -0700"
5,2025-10-15T17:00:00.531975+00:00,Saudi Arabia,golden visa uae,golden visa uae,https://trends.google.com/trending/rss?geo=SA,"Wed, 15 Oct 2025 09:20:00 -0700"
5,2025-10-15T17:00:00.531975+00:00,Saudi Arabia,بنات البومب,Bomb girls,https://trends.google.com/trending/rss?geo=SA,"Wed, 15 Oct 2025 09:00:00 -0700"
5,2025-10-15T17:00:00.531975+00:00,Saudi Arabia,رجوة الحسين,Rajwa Al-Hussein,https://trends.google.com/trending/rss?geo=SA,"Wed, 15 Oct 2025 08:40:00 -0700"
5,2025-10-15T17:00:00.531975+00:00,Saudi Arabia,مشروع بوابة الملك سلمان,King Salman Gate Project,https://trends.google.com/trending/rss?geo=SA,"Wed, 15 Oct 2025 08:10:00 -0700"
5,2025-10-15T17:00:00.531975+00:00,Saudi Arabia,مسلسل المرسى,Marsa series,https://trends.google.com/trending/rss?geo=SA,"Wed, 15 Oct 2025 08:10:00 -0700"
5,2025-10-15T17:00:00.531975+00:00,Saudi Arabia,الاتحاد السعودي لكرة القدم,Saudi Football Federation,https://trends.google.com/trending/rss?geo=SA,"Wed, 15 Oct 2025 08:00:00 -0700"
5,2025-10-15T17:00:00.531975+00:00,Saudi Arabia,nepal vs oman,nepal vs oman,https://trends.google.com/trending/rss?geo=SA,"Wed, 15 Oct 2025 07:00:00 -0700"
5,2025-10-15T17:00:00.531975+00:00,Saudi Arabia,سكن,housing,https://trends.google.com/trending/rss?geo=SA,"Wed, 15 Oct 2025 05:20:00 -0700"
5,2025-10-15T17:00:00.531975+00:00,Saudi Arabia,اسكان,Scans,https://trends.google.com/trending/rss?geo=SA,"Wed, 15 Oct 2025 04:50:00 -0700"
5,2025-10-15T17:00:00.531975+00:00,Iraq,خوسيلو,خوژيلو,https://trends.google.com/trending/rss?geo=IQ,"Wed, 15 Oct 2025 08:00:00 -0700"
5,2025-10-15T17:00:00.531975+00:00,Iraq,المنتخب الاردني,Jordanian national team,https://trends.google.com/trending/rss?geo=IQ,"Wed, 15 Oct 2025 07:20:00 -0700"
5,2025-10-15T17:00:00.531975+00:00,Iraq,japan vs brazil live stream,japan vs brazil live stream,https://trends.google.com/trending/rss?geo=IQ,"Wed, 15 Oct 2025 06:00:00 -0700"
5,2025-10-15T17:00:00.531975+00:00,Iraq,محمود العارضة,Mahmoud Al-Arda,https://trends.google.com/trending/rss?geo=IQ,"Wed, 15 Oct 2025 03:40:00 -0700"
5,2025-10-15T17:00:00.531975+00:00,Iraq,argentina fc,Argentina fc,https://trends.google.com/trending/rss?geo=IQ,"Tue, 14 Oct 2025 23:10:00 -0700"
5,2025-10-15T17:00:00.531975+00:00,Iraq,صفاء المشهداني,Safaa Al-Mashhadani,https://trends.google.com/trending/rss?geo=IQ,"Tue, 14 Oct 2025 21:30:00 -0700"
5,2025-10-15T17:00:00.531975+00:00,Iraq,ibrahim tatlıses,ibrahim tatlises,https://trends.google.com/trending/rss?geo=IQ,"Tue, 14 Oct 2025 21:30:00 -0700"
5,2025-10-15T17:00:00.531975+00:00,Iraq,كاساس,Casas,https://trends.google.com/trending/rss?geo=IQ,"Tue, 14 Oct 2025 21:30:00 -0700"
5,2025-10-15T17:00:00.531975+00:00,Iraq,الولايات المتحدة ضد أستراليا,United States against Australia,https://trends.google.com/trending/rss?geo=IQ,"Tue, 14 Oct 2025 20:10:00 -0700"
5,2025-10-15T17:00:00.531975+00:00,Iraq,puerto rico vs argentina,puerto rico vs argentina,https://trends.google.com/trending/rss?geo=IQ,"Tue, 14 Oct 2025 17:40:00 -0700"
5,2025-10-15T17:00:00.531975+00:00,United Arab Emirates,gold prices,gold prices,https://trends.google.com/trending/rss?geo=AE,"Wed, 15 Oct 2025 09:00:00 -0700"
5,2025-10-15T17:00:00.531975+00:00,United Arab Emirates,charlie dean,charlie dean,https://trends.google.com/trending/rss?geo=AE,"Wed, 15 Oct 2025 08:50:00 -0700"
5,2025-10-15T17:00:00.531975+00:00,United Arab Emirates,pkl,street vendors,https://trends.google.com/trending/rss?geo=AE,"Wed, 15 Oct 2025 08:10:00 -0700"
5,2025-10-15T17:00:00.531975+00:00,United Arab Emirates,world t20 qualifier,world t20 qualifier,https://trends.google.com/trending/rss?geo=AE,"Wed, 15 Oct 2025 08:00:00 -0700"
5,2025-10-15T17:00:00.531975+00:00,United Arab Emirates,nep vs oma,fake vs grandma,https://trends.google.com/trending/rss?geo=AE,"Wed, 15 Oct 2025 07:50:00 -0700"
5,2025-10-15T17:00:00.531975+00:00,United Arab Emirates,القرية العالمية دبي,Global Village Dubai,https://trends.google.com/trending/rss?geo=AE,"Wed, 15 Oct 2025 06:20:00 -0700"
5,2025-10-15T17:00:00.531975+00:00,United Arab Emirates,alishan sharafu,alishan sharafu,https://trends.google.com/trending/rss?geo=AE,"Wed, 15 Oct 2025 04:00:00 -0700"
5,2025-10-15T17:00:00.531975+00:00,United Arab Emirates,global village opening,global village opening,https://trends.google.com/trending/rss?geo=AE,"Wed, 15 Oct 2025 03:00:00 -0700"
5,2025-10-15T17:00:00.531975+00:00,United Arab Emirates,england women vs pakistan women,england women vs pakistan women,https://trends.google.com/trending/rss?geo=AE,"Wed, 15 Oct 2025 02:30:00 -0700"
5,2025-10-15T17:00:00.531975+00:00,United Arab Emirates,pankaj dheer,Pankaj Dheer,https://trends.google.com/trending/rss?geo=AE,"Wed, 15 Oct 2025 01:30:00 -0700"
5,2025-10-15T17:00:00.531975+00:00,Qatar,nep vs oma,fake vs grandma,https://trends.google.com/trending/rss?geo=QA,"Wed, 15 Oct 2025 08:10:00 -0700"
5,2025-10-15T17:00:00.531975+00:00,Qatar,pankaj dheer,Pankaj Dheer,https://trends.google.com/trending/rss?geo=QA,"Wed, 15 Oct 2025 04:20:00 -0700"
5,2025-10-15T17:00:00.531975+00:00,Qatar,england women vs pakistan women,england women vs pakistan women,https://trends.google.com/trending/rss?geo=QA,"Wed, 15 Oct 2025 02:30:00 -0700"
5,2025-10-15T17:00:00.531975+00:00,Qatar,shaheen afridi,Sheen Africa,https://trends.google.com/trending/rss?geo=QA,"Wed, 15 Oct 2025 02:10:00 -0700"
5,2025-10-15T17:00:00.531975+00:00,Qatar,dewald brevis,Dewald Brevis,https://trends.google.com/trending/rss?geo=QA,"Tue, 14 Oct 2025 23:40:00 -0700"
5,2025-10-15T17:00:00.531975+00:00,Qatar,raila odinga,Raila Odinga,https://trends.google.com/trending/rss?geo=QA,"Tue, 14 Oct 2025 23:30:00 -0700"
5,2025-10-15T17:00:00.531975+00:00,Qatar,japan vs qatar,japan vs qatar,https://trends.google.com/trending/rss?geo=QA,"Tue, 14 Oct 2025 23:00:00 -0700"
5,2025-10-15T17:00:00.531975+00:00,Qatar,mexico vs ecuador,mexico vs ecuador,https://trends.google.com/trending/rss?geo=QA,"Tue, 14 Oct 2025 20:10:00 -0700"
5,2025-10-15T17:00:00.531975+00:00,Qatar,argentina fc,Argentina fc,https://trends.google.com/trending/rss?geo=QA,"Tue, 14 Oct 2025 19:00:00 -0700"
5,2025-10-15T17:00:00.531975+00:00,Qatar,puerto rico vs argentina,puerto rico vs argentina,https://trends.google.com/trending/rss?geo=QA,"Tue, 14 Oct 2025 16:30:00 -0700"
